"text","rating_numerator","rating_denominator","name","dog_class","Breed_probability1","p1_conf","favorites","retweets","date_time"
"This is Phineas. He's a mystical boy. Only ever appears in the hole of a donut. 13/10 https://t.co/MgUWQ76dJU",13,10,"Phineas",NA,NA,NA,38186,8364,"8/1/2017 16:23"
"This is Tilly. She's just checking pup on you. Hopes you're doing ok. If not, she's available for pats, snugs, boops, the whole bit. 13/10 https://t.co/0Xxu71qeIV",13,10,"Tilly",NA,NA,NA,32756,6176,"8/1/2017 0:17"
"This is Archie. He is a rare Norwegian Pouncing Corgo. Lives in the tall grass. You never know when one may strike. 12/10 https://t.co/wUnZnhtVJB",12,10,"Archie",NA,"Chihuahua",0.716012,24661,4088,"7/31/2017 0:18"
"This is Darla. She commenced a snooze mid meal. 13/10 happens to the best of us https://t.co/tD36da7qLQ",13,10,"Darla",NA,NA,NA,41517,8503,"7/30/2017 15:58"
"This is Franklin. He would like you to stop calling him ""cute."" He is a very fierce shark and should be respected as such. 12/10 #BarkWeek https://t.co/AtUZn91f7f",12,10,"Franklin",NA,"basset",0.555712,39707,9201,"7/29/2017 16:00"
"Here we have a majestic great white breaching off South Africa's coast. Absolutely h*ckin breathtaking. 13/10 (IG: tucker_marlo) #BarkWeek https://t.co/kQ04fDDRmh",13,10,NA,NA,NA,NA,19932,3063,"7/29/2017 0:08"
"Meet Jax. He enjoys ice cream so much he gets nervous around it. 13/10 help Jax enjoy more things by clicking below",13,10,"Jax",NA,NA,NA,11662,2028,"7/28/2017 16:27"
"When you watch your owner call another dog a good boy but then they turn back to you and say you're a great boy. 13/10 https://t.co/v0nONBcwxq",13,10,NA,NA,"Pomeranian",0.566142,64434,18557,"7/28/2017 0:22"
"This is Zoey. She doesn't want to be one of the scary sharks. Just wants to be a snuggly pettable boatpet. 13/10 #BarkWeek https://t.co/9TwLuAGH0b",13,10,"Zoey",NA,NA,NA,27387,4204,"7/27/2017 16:25"
"This is Cassie. She is a college pup. Studying international doggo communication and stick theory. 14/10 so elegant much sophisticate https://t.co/t1bfwz5S2A",14,10,"Cassie","doggo","Pembroke",0.511319,31435,7264,"7/26/2017 15:59"
"This is Koda. He is a South Australian deckshark. Deceptively deadly. Frighteningly majestic. 13/10 would risk a petting #BarkWeek https://t.co/dVPW0B0Mme",13,10,"Koda",NA,"Samoyed",0.957979,30224,7215,"7/26/2017 0:31"
"This is Bruno. He is a service shark. Only gets out of the water to assist you. 13/10 terrifyingly good boy https://t.co/u1XPQMl29g",13,10,"Bruno",NA,NA,NA,27388,4891,"7/25/2017 16:11"
"Here's a puppo that seems to be on the fence about something haha no but seriously someone help her. 13/10 https://t.co/BxvuXk0UCm",13,10,NA,"puppo","Pembroke",0.966327,47406,9885,"7/25/2017 1:55"
"This is Ted. He does his best. Sometimes that's not enough. But it's ok. 12/10 would assist https://t.co/f8dEDcrKSR",12,10,"Ted",NA,"French_bulldog",0.99165,26759,4473,"7/25/2017 0:10"
"This is Stuart. He's sporting his favorite fanny pack. Secretly filled with bones only. 13/10 puppared puppo #BarkWeek https://t.co/y70o6h3isq",13,10,"Stuart","puppo","golden_retriever",0.953442,14887,2206,"7/24/2017 17:02"
"This is Oliver. You're witnessing one of his many brutal attacks. Seems to be playing with his victim. 13/10 fr*ckin frightening #BarkWeek https://t.co/WpHvrQedPb",13,10,"Oliver",NA,"whippet",0.626152,24874,5286,"7/24/2017 0:19"
"This is Jim. He found a fren. Taught him how to sit like the good boys. 12/10 for both https://t.co/chxruIOUJN",12,10,"Jim",NA,"golden_retriever",0.714719,28675,4420,"7/23/2017 0:22"
"This is Zeke. He has a new stick. Very proud of it. Would like you to throw it for him without taking it. 13/10 would do my best https://t.co/HTQ77yNQ5K",13,10,"Zeke",NA,NA,NA,25187,4222,"7/22/2017 16:56"
"This is Ralphus. He's powering up. Attempting maximum borkdrive. 13/10 inspirational af https://t.co/YnYAFCTTiK",13,10,"Ralphus",NA,"Siberian_husky",0.700377,19540,3491,"7/22/2017 0:23"
"This is Gerald. He was just told he didn't get the job he interviewed for. A h*ckin injustice. 12/10 didn't want the job anyway https://t.co/DK7iDPfuRX",12,10,"Gerald",NA,"French_bulldog",0.995026,21444,3441,"7/20/2017 16:49"
"This is Jeffrey. He has a monopoly on the pool noodles. Currently running a 'boop for two' midweek sale. 13/10 h*ckin strategic https://t.co/PhrUk20Q64",13,10,"Jeffrey",NA,"basset",0.821664,29732,5302,"7/19/2017 16:06"
"I've yet to rate a Venezuelan Hover Wiener. This is such an honor. 14/10 paw-inspiring af (IG: roxy.thedoxy) https://t.co/20VrLAA8ba",14,10,"such",NA,NA,NA,45583,11481,"7/19/2017 3:39"
"This is Canela. She attempted some fancy porch pics. They were unsuccessful. 13/10 someone help her https://t.co/cLyzpcUcMX",13,10,"Canela",NA,"Pembroke",0.809197,68062,17878,"7/19/2017 0:47"
"You may not have known you needed to see this today. 13/10 please enjoy (IG: emmylouroo) https://t.co/WZqNqygEyV",13,10,NA,NA,NA,NA,33195,10238,"7/18/2017 16:08"
"This... is a Jubilant Antarctic House Bear. We only rate dogs. Please only send dogs. Thank you... 12/10 would suffocate in floof https://t.co/4Ad1jzJSdp",12,10,NA,NA,"Samoyed",0.733942,30120,5866,"7/18/2017 0:07"
"This is Maya. She's very shy. Rarely leaves her cup. 13/10 would find her an environment to thrive in https://t.co/I6oNy0CgiT",13,10,"Maya",NA,"Chihuahua",0.793469,34641,7644,"7/17/2017 16:17"
"This is Mingus. He's a wonderful father to his smol pup. Confirmed 13/10, but he needs your help",13,10,"Mingus",NA,NA,NA,11877,3228,"7/16/2017 23:58"
"This is Derek. He's late for a dog meeting. 13/10 pet...al to the metal https://t.co/BCoWue0abA",13,10,"Derek",NA,NA,NA,22102,4394,"7/16/2017 20:14"
"This is Roscoe. Another pupper fallen victim to spontaneous tongue ejections. Get the BlepiPen immediate. 12/10 deep breaths Roscoe https://t.co/RGE08MIJox",12,10,"Roscoe","pupper","French_bulldog",0.999201,20877,3147,"7/15/2017 23:25"
"@NonWhiteHat @MayhewMayhem omg hello tanner you are a scary good boy 12/10 would pet with extreme caution",12,10,NA,NA,NA,NA,116,4,"7/15/2017 16:51"
"This is Waffles. His doggles are pupside down. Unsure how to fix. 13/10 someone assist Waffles https://t.co/xZDA9Qsq1O",13,10,"Waffles",NA,"pug",0.943575,27581,6185,"7/15/2017 16:17"
"Viewer discretion advised. This is Jimbo. He will rip ur finger right h*ckin off. Other dog clearly an accessory. 12/10 pls pet with caution https://t.co/BuveP0uMF1",12,10,"Jimbo",NA,"Blenheim_spaniel",0.972494,32184,6685,"7/14/2017 22:10"
"This is Maisey. She fell asleep mid-excavation. Happens to the best of us. 13/10 would pat noggin approvingly https://t.co/tp1kQ8i9JF",13,10,"Maisey",NA,NA,NA,35458,6330,"7/13/2017 15:58"
"I have a new hero and his name is Howard. 14/10 https://t.co/gzLHboL7Sk",14,10,NA,NA,NA,NA,20127,3704,"7/13/2017 15:19"
"Here we have a corgi undercover as a malamute. Pawbably doing important investigative work. Zero control over tongue happenings. 13/10 https://t.co/44ItaMubBf",13,10,NA,NA,"malamute",0.812482,21601,4314,"7/12/2017 16:03"
"This is Earl. He found a hat. Nervous about what you think of it. 12/10 it's delightful, Earl https://t.co/MYJvdlNRVa",12,10,"Earl",NA,NA,NA,76350,17997,"7/12/2017 0:01"
"This is Lola. It's her first time outside. Must test the earth and taste the atmosphere. 13/10 you're doing great Lola https://t.co/74TKAUsLkO",13,10,"Lola",NA,"chow",0.822103,27523,5561,"7/11/2017 20:47"
"This is Kevin. He's just so happy. 13/10 what is your secret Kevin https://t.co/1r4MFCbCX5",13,10,"Kevin",NA,"pug",0.546406,23956,4657,"7/11/2017 0:00"
"I present to you, Pup in Hat. Pup in Hat is great for all occasions. Extremely versatile. Compact as h*ck. 14/10 (IG: itselizabethgales) https://t.co/vvBOcC2VdC",14,10,NA,NA,"Pembroke",0.993225,26608,5569,"7/10/2017 15:58"
"OMG HE DIDN'T MEAN TO HE WAS JUST TRYING A LITTLE BARKOUR HE'S SUPER SORRY 13/10 WOULD FORGIVE IMMEDIATE https://t.co/uF3pQ8Wubj",13,10,NA,NA,NA,NA,71974,20146,"7/10/2017 3:08"
"Meet Yogi. He doesn't have any important dog meetings today he just enjoys looking his best at all times. 12/10 for dangerously dapper doggo https://t.co/YSI00BzTBZ",12,10,"Yogi","doggo","German_shepherd",0.707046,20073,2942,"7/9/2017 21:29"
"This is Noah. He can't believe someone made this mess. Got the vacuum out for you though. Offered to help clean pup. 12/10 super good boy https://t.co/V85xujjDDY",12,10,"Noah",NA,"Doberman",0.610946,21587,3392,"7/9/2017 0:00"
"This is Bella. She hopes her smile made you smile. If not, she is also offering you her favorite monkey. 13.5/10 https://t.co/qjrljjt948",13.5,10,"Bella",NA,"golden_retriever",0.943082,45259,9796,"7/8/2017 0:28"
"Meet Grizzwald. He may be the floofiest floofer I ever did see. Lost eyes saving a schoolbus from a volcano erpuption. 13/10 heroic as h*ck https://t.co/rf661IFEYP",13,10,"Grizzwald","floofer","chow",0.987997,22353,3642,"7/7/2017 16:22"
"Please only send dogs. We don't rate mechanics, no matter how h*ckin good. Thank you... 13/10 would sneak a pat https://t.co/Se5fZ9wp5E",13,10,NA,NA,"golden_retriever",0.949562,36669,6573,"7/7/2017 0:17"
"This is Rusty. He wasn't ready for the first pic. Clearly puppared for the second. 13/10 confirmed great boy https://t.co/tyER0KpdXj",13,10,"Rusty",NA,NA,NA,23622,3865,"7/6/2017 15:58"
"This is Gus. He's quite the cheeky pupper. Already perfected the disinterested wink. 12/10 would let steal my girl https://t.co/D43I96SlVu",12,10,"Gus","pupper","Labrador_retriever",0.85005,27899,4843,"7/6/2017 0:46"
"This is Stanley. He has his first swim lesson today. Doggle straps adjusted. Ready to go. 13/10 Phelps is nervous (IG: stanleythe_corgi) https://t.co/Nx52PGwH94",13,10,"Stanley",NA,"Pembroke",0.542982,27517,5997,"7/5/2017 15:48"
"This is Alfy. You're witnessing his first watermelon experience. I think it was a success. 13/10 happy 4th Alfy ???? https://t.co/fYP5RlutfA",13,10,"Alfy",NA,"golden_retriever",0.762211,44322,11428,"7/4/2017 16:01"
"This is Koko. Her owner, inspired by Barney, recently built a cart for her to use during walks if she got tired. 13/10 rest easy Koko https://t.co/zeDpnsKX7w",13,10,"Koko",NA,"web_site",0.949591,28940,4899,"7/4/2017 1:18"
"This is Rey. He's a Benebop Cumberfloof. 12/10 dangerously pettable https://t.co/503CgWbhxQ",12,10,"Rey",NA,NA,NA,23980,3344,"7/3/2017 16:04"
"This is Gary. He couldn't miss this puppertunity for a selfie. Flawless focusing skills. 13/10 would boop intensely https://t.co/7CSWCl8I6s",13,10,"Gary",NA,NA,NA,49878,10508,"7/3/2017 0:11"
"@roushfenway These are good dogs but 17/10 is an emotional impulse rating. More like 13/10s",17,10,NA,NA,NA,NA,124,7,"7/2/2017 21:58"
"Here is a pupper approaching maximum borkdrive. Zooming at never before seen speeds. 14/10 paw-inspiring af",14,10,"a","pupper",NA,NA,48754,15708,"7/2/2017 15:32"
"Meet Elliot. He's a Canadian Forrest Pup. Unusual number of antlers for a dog. Sneaky tongue slip to celebrate #Canada150. 12/10 would pet https://t.co/cgwJwowTMC",12,10,"Elliot",NA,NA,NA,22767,5093,"7/1/2017 21:49"
"This is Louis. He's crossing. It's a big deal. 13/10 h*ckin breathtaking https://t.co/D0wb1GlKAt",13,10,"Louis",NA,NA,NA,16776,2744,"6/30/2017 23:47"
"Ugh not again. We only rate dogs. Please don't send in well-dressed floppy-tongued street penguins. Dogs only please. Thank you... 12/10 https://t.co/WiAMbTkDPf",12,10,NA,NA,"Pembroke",0.791416,20983,3761,"6/30/2017 19:35"
"This is Bella. She had her first beach experience this morning. Complete success. 12/10 would perform a sandy boop https://t.co/4VsFysDmiw",12,10,"Bella",NA,"golden_retriever",0.913255,28135,6184,"6/29/2017 16:39"
"Meet Jesse. He's a Fetty Woof. His tongue ejects without warning. A true bleptomaniac. 12/10 would snug well https://t.co/fUod0tVmvK",12,10,"Jesse",NA,NA,NA,26688,4158,"6/29/2017 0:27"
"Please don't send in photos without dogs in them. We're not @porch_rates. Insubordinate and churlish. Pretty good porch tho 11/10 https://t.co/HauE8M3Bu4",11,10,NA,NA,NA,NA,27265,4297,"6/28/2017 16:09"
"This is Romeo. He would like to do an entrance. Requesting your immediate assistance. 13/10 https://t.co/Qh5aEkRQm9",13,10,"Romeo",NA,"basset",0.813507,22024,3448,"6/28/2017 0:42"
"@RealKentMurphy 14/10 confirmed",14,10,NA,NA,NA,NA,308,10,"6/27/2017 12:14"
"This is Bailey. He thinks you should measure ear length for signs of growth instead. 12/10 https://t.co/IxM9IMKQq8",12,10,"Bailey",NA,NA,NA,23099,3141,"6/27/2017 0:10"
"This is Duddles. He did an attempt. 13/10 someone help him (vid by Georgia Felici) https://t.co/UDT7ZkcTgY",13,10,"Duddles",NA,NA,NA,104408,43609,"6/26/2017 19:07"
"This is Jack AKA Stephen Furry. You're not scoring on him. Unless he slips down the slide. 12/10 would happily get blocked by https://t.co/0gOi601EAa",12,10,"Jack",NA,NA,NA,16548,3076,"6/26/2017 16:31"
"This is Steven. He has trouble relating to other dogs. Quite shy. Neck longer than average. Tropical probably. 11/10 would still pet https://t.co/2mJCDEJWdD",11,10,"Steven",NA,NA,NA,22252,4652,"6/25/2017 18:56"
"This is Beau. That is Beau's balloon. He takes it everywhere. 13/10 would protect at all costs https://t.co/YDtpCjIPKN",13,10,"Beau",NA,"vizsla",0.960513,18730,2664,"6/25/2017 16:07"
"This is Snoopy. He's a proud #PrideMonthPuppo. Impeccable handwriting for not having thumbs. 13/10 would love back #PrideMonth https://t.co/lNZwgNO4gS",13,10,"Snoopy","puppo","Italian_greyhound",0.734684,19148,4078,"6/25/2017 0:45"
"Martha is stunning how h*ckin dare you. 13/10 https://t.co/9uABQXgjwa",13,10,NA,NA,NA,NA,29860,7109,"6/24/2017 13:24"
"Meet Shadow. In an attempt to reach maximum zooming borkdrive, he tore his ACL. Still 13/10 tho. Help him out below",13,10,"Shadow",NA,NA,NA,7647,1270,"6/23/2017 16:00"
"This is Emmy. She was adopted today. Massive round of pupplause for Emmy and her new family. 14/10 for all involved https://t.co/cwtWnHMVpe",14,10,"Emmy",NA,"French_bulldog",0.839097,41471,6737,"6/23/2017 1:10"
"This is Aja. She was just told she's a good dog. Suspicions confirmed. 13/10 would tell again https://t.co/lsPyyAiF1r",13,10,"Aja",NA,"Chesapeake_Bay_retriever",0.837956,78725,18852,"6/22/2017 3:54"
"This is Penny. She's both pupset and fired pup. Not pleased w your barbaric attempts at cleanliness. 12/10 would enjoy more shampoo options https://t.co/OYdDlfOGXP",12,10,"Penny",NA,"basset",0.995368,22423,3765,"6/21/2017 15:58"
"Meet Dante. At first he wasn't a fan of his new raincoat, then he saw his reflection. H*ckin handsome. 13/10 for water resistant good boy https://t.co/SHRTIo5pxc",13,10,"Dante",NA,NA,NA,27018,5113,"6/21/2017 0:06"
"This is Nelly. He graduated with his dogtorate today. Wants to know if you're proud of him. 12/10 would give congratulatory boop https://t.co/4g4cfj3P4Y",12,10,"Nelly",NA,"Pembroke",0.93112,26765,5517,"6/20/2017 16:29"
"This is Ginger. She's having a ruff Monday. Too many pupper things going on. H*ckin exhausting. 12/10 would snug passionately https://t.co/j211oCDRs6",12,10,"Ginger","pupper","bloodhound",0.575751,20414,3304,"6/19/2017 16:24"
"I can say with the pupmost confidence that the doggos who assisted with this search are heroic as h*ck. 14/10 for all https://t.co/8yoc1CNTsu",14,10,NA,NA,NA,NA,23193,4578,"6/18/2017 20:30"
"This is Benedict. He wants to thank you for this delightful urban walk. Hopes you know he loves you. 13/10 super duper good boy https://t.co/26BXueUgbs",13,10,"Benedict",NA,"golden_retriever",0.874566,18516,2370,"6/18/2017 16:57"
"Meet Venti, a seemingly caffeinated puppoccino. She was just informed the weekend would include walks, pats and scritches. 13/10 much excite https://t.co/ejExJFq3ek",13,10,"Venti",NA,"Bernese_mountain_dog",0.534327,27557,4641,"6/17/2017 16:52"
"This is Goose. He's a womanizer. Cheeky as h*ck, but also deep. Tongue slip game on another level. 13/10 will steal your girl https://t.co/V2WlACRJCN",13,10,"Goose",NA,"Labrador_retriever",0.799551,24868,4245,"6/16/2017 16:11"
"Meet Nugget and Hank. Nugget took Hank's bone. Hank is wondering if you would please return it to him. Both 13/10 would not intervene https://t.co/ogith9ejNj",13,10,"Nugget",NA,NA,NA,21647,4875,"6/15/2017 0:13"
"You'll get your package when that precious man is done appreciating the pups. 13/10 for everyone https://t.co/PFp4MghzBW",13,10,NA,NA,NA,NA,27072,5988,"6/14/2017 21:06"
"Guys please stop sending pictures without any dogs in th- oh never mind hello excuse me sir. 12/10 stealthy as h*ck https://t.co/brCQoqc8AW",12,10,NA,NA,"West_Highland_white_terrier",0.714319,25161,4671,"6/14/2017 16:04"
"Meet Cash. He hath acquired a stick. A very good stick tbh. 12/10 would pat head approvingly https://t.co/lZhtizkURD",12,10,"Cash",NA,"Labrador_retriever",0.836052,27494,4603,"6/13/2017 17:29"
"This is Jed. He may be the fanciest pupper in the game right now. Knows it too. 13/10 would sign modeling contract https://t.co/0YplNnSMEm",13,10,"Jed","pupper",NA,NA,25751,4076,"6/12/2017 16:06"
"I can't believe this keeps happening. This, is a birb taking a bath. We only rate dogs. Please only send dogs. Thank you... 12/10 https://t.co/pwY9PQhtP2",12,10,NA,NA,"flat-coated_retriever",0.832177,22383,3922,"6/12/2017 0:15"
"This is Sebastian. He can't see all the colors of the rainbow, but he can see that this flag makes his human happy. 13/10 #PrideMonth puppo https://t.co/XBE0evJZ6V",13,10,"Sebastian","puppo","Cardigan",0.806674,34205,10329,"6/11/2017 21:18"
"We usually don't rate Deck-bound Saskatoon Black Bears, but this one is h*ckin flawless. Sneaky tongue slip too. 13/10 would hug firmly https://t.co/mNuMH9400n",13,10,NA,NA,NA,NA,23927,3914,"6/10/2017 16:39"
"This is Sierra. She's one precious pupper. Absolute 12/10. Been in and out of ICU her whole life. Help Sierra below",12,10,"Sierra","pupper","vizsla",0.619782,7152,1576,"6/9/2017 16:22"
"Here's a very large dog. He has a date later. Politely asked this water person to check if his breath is bad. 12/10 good to go doggo https://t.co/EMYIdoblMR",12,10,NA,"doggo",NA,NA,27073,5372,"6/9/2017 0:02"
"Here are my favorite #dogsatpollingstations",13,10,NA,NA,"pug",0.99912,14562,3674,"6/8/2017 14:20"
"This is Monkey. She's supporting owners everywhere with her fancy #PrideMonth bandana. 13/10 love is love is love... https://t.co/lUcpnZDPz9",13,10,"Monkey",NA,"cocker_spaniel",0.513191,20581,3678,"6/8/2017 1:06"
"We. Only. Rate. Dogs. Do not send in other things like this fluffy floor shark clearly ready to attack. Get it together guys... 12/10 https://t.co/BZHiKx3FpQ",12,10,NA,NA,"Pembroke",0.931861,40270,8967,"6/7/2017 16:14"
"This is Harry. His ears are activated one at a time. Incredibly rare to witness in person. Very special moment here. 13/10 blessed as h*ck https://t.co/ejHvGDfWoa",13,10,"Harry",NA,"Labrador_retriever",0.972019,33871,6289,"6/7/2017 1:19"
"This is Kody. He's a baller. Wishes he was a little bit taller. Double dribbles often. Still 12/10 would happily get dunked on https://t.co/PKSpmiefwN",12,10,"Kody",NA,NA,NA,34116,8086,"6/6/2017 16:07"
"Say hello to Lassie. She's celebrating #PrideMonth by being a splendid mix of astute and adorable. Proudly supupporting her owner. 13/10 https://t.co/uK6PNyeh9w",13,10,"Lassie",NA,"Shetland_sheepdog",0.969171,37653,11131,"6/6/2017 0:01"
"This is Rover. As part of pupper protocol he had to at least attempt to eat the plant. Confirmed not tasty. Needs peanut butter. 12/10 https://t.co/AiVljI6QCg",12,10,"Rover","pupper","Labrador_retriever",0.921393,20097,3460,"6/5/2017 16:15"
"This is Napolean. He's a Raggedy East Nicaraguan Zoom Zoom. Runs on one leg. Built for deception. No eyes. Good with kids. 12/10 great doggo https://t.co/PR7B7w1rUw",12,10,"Napolean","doggo",NA,NA,20043,3443,"6/4/2017 23:56"
"Never doubt a doggo 14/10 https://t.co/AbBLh2FZCH",14,10,NA,"doggo",NA,NA,20763,5489,"6/3/2017 20:33"
"This is Boomer. He's doing an advanced water takeoff. The opposite of Sully. Ears for control, mlem for style. 13/10 simply breathtaking https://t.co/noNpY2Laoo",13,10,"Boomer",NA,NA,NA,22493,3811,"6/3/2017 15:55"
"Real funny guys. Sending in a pic without a dog in it. Hilarious. We'll rate the rug tho because it's giving off a very good vibe. 11/10 https://t.co/GCD1JccCyi",11,10,NA,NA,NA,NA,33372,6198,"6/3/2017 0:48"
"@ComplicitOwl @ShopWeRateDogs &gt;10/10 is reserved for dogs",10,10,NA,NA,NA,NA,119,3,"6/2/2017 19:38"
"This is Cody. He zoomed too aggressively and tore his ACL. Happens to the best of us. Still 13/10",13,10,"Cody",NA,"Pembroke",0.945495,12336,2644,"6/2/2017 15:00"
"This is Zoey. She really likes the planet. Would hate to see willful ignorance and the denial of fairly elemental science destroy it. 13/10 https://t.co/T1xlgaPujm",13,10,"Zoey",NA,"golden_retriever",0.841001,82210,26210,"6/1/2017 20:18"
"This is Rumble, but he's not ready to. Would rather fall asleep in his bath bucket. 13/10 would attempt a boop without waking https://t.co/MVQCzrF1g9",13,10,"Rumble",NA,NA,NA,21712,4155,"6/1/2017 16:00"
"Meet Clifford. He's quite large. Also red. Good w kids. Somehow never steps on them. Massive poops very inconvenient. Still 14/10 would ride https://t.co/apVOyDgOju",14,10,"Clifford",NA,NA,NA,36466,8354,"5/31/2017 23:43"
"This is Dewey (pronounced ""covfefe""). He's having a good walk. Arguably the best walk. 13/10 would snug softly https://t.co/HciEaJkC4D",13,10,"Dewey",NA,"Pembroke",0.980148,42195,10047,"5/31/2017 4:27"
"Meet Stanley. He likes road trips. Will shift for you. One ear more effective than other. 13/10 we don't leave until you buckle pup Stanley https://t.co/vmCu3PFCQq",13,10,"Stanley",NA,"Pembroke",0.993449,28112,6362,"5/30/2017 23:51"
"This is Scout. He just graduated. Officially a doggo now. Have fun with taxes and losing sight of your ambitions. 12/10 would throw cap for https://t.co/DsA2hwXAJo",12,10,"Scout","doggo","Chihuahua",0.955156,15912,3139,"5/30/2017 16:49"
"This is Gizmo. His favorite thing is standing pupright like a hooman. Sneaky tongue slip status achieved. 13/10 would boop well https://t.co/IoR3n1fiiQ",13,10,"Gizmo",NA,"Pembroke",0.664181,20355,3798,"5/29/2017 16:24"
"This is Walter. He won't start hydrotherapy without his favorite floatie. 14/10 keep it pup Walter https://t.co/r28jFx9uyF",14,10,"Walter",NA,NA,NA,65424,14544,"5/28/2017 17:23"
"Here's a h*ckin peaceful boy. Unbothered by the comings and goings. 13/10 please reveal your wise ways https://t.co/yeaH8Ej5eM",13,10,NA,NA,"Labrador_retriever",0.868107,26761,5404,"5/28/2017 0:18"
"Say hello to Cooper. His expression is the same wet or dry. Absolute 12/10 but Coop desperately requests your help",12,10,"Cooper",NA,NA,NA,10116,2106,"5/27/2017 19:39"
"Unbelievable. We only rate dogs. Please don't send in non-canines like the ""I"" from Pixar's opening credits. Thank you... 12/10 https://t.co/JMhDNv5wXZ",12,10,NA,NA,"Labrador_retriever",0.522644,24157,4202,"5/26/2017 0:29"
"Meet Harold. He's h*ckin cooperative. 13/10 good work Harold https://t.co/ZYg3NZGICa",13,10,"Harold",NA,"Border_collie",0.661953,33962,7382,"5/25/2017 16:10"
"This is Shikha. She just watched you drop a skittle on the ground and still eat it. Could not be less impressed. 12/10 superior puppo https://t.co/XZlZKd73go",12,10,"Shikha","puppo","Eskimo_dog",0.616457,16104,2526,"5/24/2017 16:44"
"Oh my this spooked me up. We only rate dogs, not happy ghosts. Please send dogs only. It's a very simple premise. Thank you... 13/10 https://t.co/M5Rz0R8SIQ",13,10,NA,NA,NA,NA,32231,7929,"5/23/2017 16:16"
"He was providing for his family 13/10 how dare you https://t.co/Q8mVwWN3f4",13,10,NA,NA,NA,NA,20083,4858,"5/22/2017 18:21"
"This is Lili. She can't believe you betrayed her with bath time. Never looking you in the eye again. 12/10 would puppologize profusely https://t.co/9b9J46E86Z",12,10,"Lili",NA,"flat-coated_retriever",0.51473,19347,3518,"5/22/2017 16:06"
"This is Jamesy. He gives a kiss to every other pupper he sees on his walk. 13/10 such passion, much tender https://t.co/wk7TfysWHr",13,10,"Jamesy","pupper","French_bulldog",0.905334,122396,35603,"5/22/2017 0:28"
"This is Coco. At first I thought she was a cloud but clouds don't bork with such passion. 12/10 would hug softly https://t.co/W86h5dgR6c",12,10,"Coco",NA,"Samoyed",0.984086,52670,14604,"5/21/2017 16:48"
"Meet Boomer. He's just checking pup on you. Hopes you had a good day. If not, he hopes he made it better. 13/10 extremely good boy https://t.co/pozUoHLkGg",13,10,"Boomer",NA,"golden_retriever",0.673664,25678,5678,"5/19/2017 23:57"
"This is Sammy. Her tongue ejects without warning sometimes. It's a serious condition. Needs a hefty dose from a BlepiPen. 13/10 https://t.co/g20EmqK7vc",13,10,"Sammy",NA,"Chesapeake_Bay_retriever",0.832435,26555,5059,"5/19/2017 0:12"
"This is Nelly. He really hopes you like his Hawaiian shirt. He already tore the tags off. 13/10 h*ck of a puppurchase https://t.co/LbkG5CiM7o",13,10,"Nelly",NA,"Pembroke",0.989882,28094,7777,"5/18/2017 0:50"
"We only rate dogs. Please don't send in Jesus. We're trying to remain professional and legitimate. Thank you... 14/10 https://t.co/wr3xsjeCIR",14,10,NA,NA,NA,NA,32405,8818,"5/17/2017 16:00"
"This is Meatball. He doing what's known in the industry as a mid-strut mlem. H*ckin fancy boy. 12/10 I'd do anything for Meatball https://t.co/S2HdmFFPck",12,10,"Meatball",NA,"bull_mastiff",0.668613,14685,3079,"5/16/2017 0:41"
"This is Paisley. She ate a flower just to prove she could. Savage af. 13/10 would pet so well https://t.co/cPq9fYvkzr",13,10,"Paisley",NA,"golden_retriever",0.945905,30298,9067,"5/15/2017 19:14"
"This is Albus. He's quite impressive at hide and seek. Knows he's been found this time. 13/10 usually elusive as h*ck https://t.co/ht47njyZ64",13,10,"Albus",NA,NA,NA,20726,4206,"5/15/2017 0:02"
"This is Neptune. He's a backpup vocalist for the Dixie Chicks. 13/10 (vid by @AmiWinehouse) https://t.co/tordvmaaop",13,10,"Neptune",NA,NA,NA,15382,4239,"5/14/2017 0:34"
"This is Belle. She's never been more pupset. Encountered the worst imaginable type of zone. 12/10 would do anything to cheer pup https://t.co/fGQUzR8w3H",12,10,"Belle",NA,"Staffordshire_bullterrier",0.690517,23955,5344,"5/13/2017 16:33"
"@Jack_Septic_Eye I'd need a few more pics to polish a full analysis, but based on the good boy content above I'm leaning towards 12/10",12,10,NA,NA,NA,NA,2280,99,"5/13/2017 16:15"
"Ladies and gentlemen... I found Pipsy. He may have changed his name to Pablo, but he never changed his love for the sea. Pupgraded to 14/10 https://t.co/lVU5GyNFen",14,10,NA,NA,NA,NA,8821,1118,"5/12/2017 17:12"
"Say hello to Quinn. She's quite the goofball. Not even a year old. Confirmed 13/10 but she really needs your help",13,10,"Quinn",NA,"French_bulldog",0.935804,8579,2492,"5/12/2017 16:05"
"This is Zooey. She's the world's biggest fan of illiterate delivery people. 13/10 not your fault they don't listen, Zooey https://t.co/ixOFQ1tfqE",13,10,"Zooey",NA,NA,NA,19296,5171,"5/12/2017 0:46"
"This is Dave. He passed the h*ck out. It's barely the afternoon on a Thursday, Dave. Get it together. Still 11/10 would boop mid-snooze https://t.co/Eme9Uar6v2",11,10,"Dave",NA,NA,NA,17183,3585,"5/11/2017 17:34"
"This is Jersey. He likes to watch movies, but only if you watch with him. Enjoys horror films like The Bababork and H*ckraiser. 13/10 https://t.co/jvSNASweNb",13,10,"Jersey",NA,NA,NA,20702,5043,"5/11/2017 0:01"
"We only rate dogs. Please don't send perfectly toasted marshmallows attempting to drive. Thank you... 13/10 https://t.co/nvZyyrp0kd",13,10,NA,NA,"chow",0.677589,75138,23723,"5/10/2017 0:08"
"This is Hobbes. He's never seen bubbles before. 13/10 deep breaths buddy https://t.co/QFRlbZw4Z1",13,10,"Hobbes",NA,"Cardigan",0.771008,36372,10903,"5/8/2017 0:54"
"HI. MY. NAME. IS. BOOMER. AND. I. WANT. TO. SAY. IT'S. H*CKIN. RIDICULOUS. THAT. DOGS. CAN'T VOTE. ABSOLUTE. CODSWALLUP. THANK. YOU. 13/10 https://t.co/SqKJPwbQ2g",13,10,NA,NA,NA,NA,17332,4238,"5/7/2017 18:36"
"This is Burt. He thinks your thesis statement is comically underdeveloped. 12/10 intellectual af https://t.co/jH6EN9cEn6",12,10,"Burt",NA,"German_shepherd",0.507951,16857,3878,"5/6/2017 23:49"
"Meet Lorenzo. He's an avid nifty hat wearer and absolute 13/10, but he needs your help to beat cancer. Link below",13,10,"Lorenzo",NA,"Cardigan",0.583936,7579,2202,"5/5/2017 18:36"
"This is Carl. He likes to dance. Doesn't care what you think about it. 13/10 h*ckin confident pup https://t.co/C2zHcNIu4I",13,10,"Carl",NA,NA,NA,23854,5390,"5/5/2017 16:00"
"This is Jordy. He likes to go on adventures and watch the small scaly underwater dogs with fins pass him by. 12/10 peaceful as h*ck https://t.co/xJo6S2sfsN",12,10,"Jordy",NA,NA,NA,18486,3552,"5/4/2017 23:34"
"Here we have perhaps the wisest dog of all. Above average with light sabers. Immortal as h*ck. 14/10 dog, or dog not, there is no try https://t.co/upRYxG4KbG",14,10,NA,NA,NA,NA,16864,5962,"5/4/2017 17:30"
"Meet Milky. She has no idea what happened. Just as pupset as you. Perhaps a sheep exploded. Even offered to help clean. 12/10 very good girl https://t.co/g8vpXFzw29",12,10,"Milky",NA,NA,NA,19756,4188,"5/4/2017 0:15"
"Meet Trooper. He picks pup recyclables that have blown out of bins in the neighborhood and puts them back. 13/10 environmentally savvy af https://t.co/BqSttrTuIl",13,10,"Trooper",NA,"Labrador_retriever",0.899086,15570,3591,"5/3/2017 19:26"
"Sorry for the lack of posts today. I came home from school and had to spend quality time with my puppo. Her name is Zoey and she's 13/10 https://t.co/BArWupFAn0",13,10,NA,"puppo","golden_retriever",0.895529,18803,1612,"5/3/2017 3:17"
"We only rate dogs. This is quite clearly a smol broken polar bear. We'd appreciate if you only send dogs. Thank you... 12/10 https://t.co/g2nSyGenG9",12,10,"quite",NA,NA,NA,91033,30960,"5/2/2017 0:04"
"Here we have an exotic dog. Good at ukulele. Fashionable af. Has two more arms if needed. Is blue. Knows what 'ohana means. 13/10 would pet https://t.co/gEsymGTXCT",13,10,NA,NA,NA,NA,34301,13944,"5/1/2017 15:58"
"I have stumbled puppon a doggo painting party. They're looking to be the next Pupcasso or Puppollock. All 13/10 would put it on the fridge https://t.co/cUeDMlHJbq",13,10,NA,"doggo","golden_retriever",0.57812,15733,3564,"5/1/2017 0:40"
"This is Sophie. She just arrived. Used pawority shipping. Speedy as h*ck delivery. 13/10 would carefully assemble https://t.co/8jOC4zhNxy",13,10,"Sophie",NA,"Pembroke",0.987407,21778,4976,"4/30/2017 0:02"
"This is Wyatt. He had an interview earlier today. Was just told he didn't get the job. A h*ckin injustice. Still 12/10 keep your chin pup https://t.co/QXA4sCXSDF",12,10,"Wyatt",NA,"golden_retriever",0.863874,15933,2998,"4/28/2017 23:57"
"This is Rosie. She was just informed of the walk that's about to happen. Knows there are many a stick along the way. 12/10 such excite https://t.co/sOl7cFaP5X",12,10,"Rosie",NA,NA,NA,16341,2652,"4/28/2017 16:08"
"Meet Thor. He doesn't have finals because he's a dog but is pupset you have finals. Just wants to play. 13/10 would abandon education for https://t.co/7IFn3rkJai",13,10,"Thor",NA,"Labrador_retriever",0.919832,34773,10944,"4/28/2017 0:00"
"Instead of the usual nightly dog rate, I'm sharing this story with you. Meeko is 13/10 and would like your help",13,10,NA,NA,"malamute",0.841597,6001,1690,"4/27/2017 0:38"
"This is Oscar and Oliver. Oliver shrunk Oscar. Oscar isn't pleased about it. Quite pupset tbh. Oliver doesn't seem to mind. Both 13/10 https://t.co/e3U4NReleC",13,10,"Oscar",NA,"Samoyed",0.998021,20315,4655,"4/26/2017 16:00"
"@Marc_IRL pixelated af 12/10",12,10,NA,NA,NA,NA,232,18,"4/26/2017 12:48"
"This is Zeke. He performs group cheeky wink tutorials. Pawfect execution here. 12/10 would wink back https://t.co/uMH5CLjXJu",12,10,"Zeke",NA,"golden_retriever",0.968623,19247,4128,"4/26/2017 0:33"
"This is Callie. She'll be your navigator today. Takes her job very seriously. Will shift for you. One ear always in the pupholder. 12/10 https://t.co/Bh9DtLhIBO",12,10,"Callie",NA,NA,NA,16533,2971,"4/24/2017 16:22"
"THIS IS CHARLIE, MARK. HE DID JUST WANT TO SAY HI AFTER ALL. PUPGRADED TO A 14/10. WOULD BE AN HONOR TO FLY WITH https://t.co/p1hBHCmWnA",14,10,NA,NA,"Old_English_sheepdog",0.798481,12042,1941,"4/24/2017 15:13"
"@xianmcguire @Jenna_Marbles Kardashians wouldn't be famous if as a society we didn't place enormous value on what they do. The dogs are very deserving of their 14/10",14,10,NA,NA,NA,NA,527,17,"4/23/2017 23:26"
"This is Cermet, Paesh, and Morple. They are absolute h*ckin superstars. Watered every day so they can grow. 14/10 for all https://t.co/GUefqUmZv8",14,10,"Cermet",NA,"Chihuahua",0.876543,28213,6529,"4/23/2017 23:01"
"HE'S LIKE ""WAIT A MINUTE I'M AN ANIMAL THIS IS AMAZING HI HUMAN I LOVE YOU AS WELL"" 13/10 https://t.co/sb73bV5Y7S",13,10,NA,NA,NA,NA,12072,2186,"4/22/2017 18:55"
"Here's a puppo participating in the #ScienceMarch. Cleverly disguising her own doggo agenda. 13/10 would keep the planet habitable for https://t.co/cMhq16isel",13,10,NA,"puppo",NA,NA,46278,18319,"4/22/2017 18:31"
"I HEARD HE TIED HIS OWN BOWTIE MARK AND HE JUST WANTS TO SAY HI AND MAYBE A NOGGIN PAT SHOW SOME RESPECT 13/10 https://t.co/5BEjzT2Tth",13,10,NA,NA,NA,NA,27116,5621,"4/22/2017 16:18"
"Guys, we only rate dogs. This is quite clearly a bulbasaur. Please only send dogs. Thank you... 12/10 human used pet, it's super effective https://t.co/Xc7uj1C64x",12,10,"quite",NA,NA,NA,30537,8513,"4/21/2017 16:33"
"This is Marlee. She fetched a flower and immediately requested that it be placed behind her ear. 12/10 elegant af https://t.co/nJztIEON5s",12,10,"Marlee",NA,"Pembroke",0.695548,23350,6352,"4/19/2017 16:25"
"This is Arya. She can barely contain her excitement for more peanut butter. Also patriotic af. 13/10 https://t.co/AL4Ahm1Rm5",13,10,"Arya",NA,NA,NA,30002,7147,"4/18/2017 23:50"
"This is Einstein. He's having a really good day. Hopes you are too. H*ckin nifty tongue. 13/10 would snug intensely https://t.co/mdaQhhfpv6",13,10,"Einstein",NA,"Pembroke",0.90708,19353,4881,"4/18/2017 16:05"
"Sometimes you guys remind me just how impactful a pupper can be. Cooper will be remembered as a good boy by so many. 14/10 rest easy friend https://t.co/oBL7LEJEzR",14,10,NA,"pupper",NA,NA,32736,7809,"4/17/2017 23:52"
"At first I thought this was a shy doggo, but it's actually a Rare Canadian Floofer Owl. Amateurs would confuse the two. 11/10 only send dogs https://t.co/TXdT3tmuYk",11,10,NA,"floofer",NA,NA,16604,3290,"4/17/2017 16:34"
"Say hello to Alice. I'm told she enjoys car rides and smells good. 12/10 would give her everything she could ever want https://t.co/yT4vw8y77x",12,10,"Alice",NA,NA,NA,29321,6058,"4/17/2017 0:03"
"A photographer took pictures before and after he told his bunny he's a good boy. Here are the results. 13/10 https://t.co/wiQZIsaWUe",13,10,NA,NA,"German_shepherd",0.509879,35776,10592,"4/16/2017 16:00"
"This is Rumpole. He'll be your Uber driver this evening. Won't start driving until you buckle pup. 13/10 h*ckin safe good boy https://t.co/EX9Z3EXlVP",13,10,"Rumpole",NA,NA,NA,15947,3735,"4/15/2017 17:32"
"Meet Benny. He likes being adorable and making fun of you while you're on the trampoline. 12/10 let's help him out",12,10,"Benny",NA,NA,NA,9311,1922,"4/14/2017 15:51"
"This is Aspen. She's never tasted a stick so succulent. On the verge of tears. A face of pure appreciation. 12/10 https://t.co/VlyBzOXHEW",12,10,"Aspen",NA,"golden_retriever",0.711235,15344,2260,"4/13/2017 23:59"
"This is Jarod. He likes having his belly brushed. Tongue ejects when you hit the right spot. 13/10 downright h*ckin adorable https://t.co/ArnxkyD2kC",13,10,"Jarod",NA,NA,NA,16849,3689,"4/13/2017 16:05"
"This is Wiggles. She would like you to spot her. Probably won't need your help but just in case. 13/10 powerful as h*ck https://t.co/2d370P0OEg",13,10,"Wiggles",NA,NA,NA,34088,10373,"4/13/2017 0:03"
"Meet General. He wasn't content with the quality of his room. Requested to pupgrade, but was ignored. 14/10 look who just lost a customer https://t.co/NP5JW8LnmW",14,10,"General",NA,NA,NA,20595,7134,"4/12/2017 18:25"
"This is Sailor. He has collected the best dirt in the area. As any good boy would. Under the impression you know what to do next. 12/10 https://t.co/jrFzScKWEG",12,10,"Sailor",NA,NA,NA,11813,1665,"4/12/2017 16:00"
"Oh jeez u did me quite the spook little fella. We normally don't rate triceratops but this one seems suspiciously good. 11/10 would pet well https://t.co/BMtfCmNbnS",11,10,NA,NA,NA,NA,16714,3649,"4/11/2017 0:24"
"This is Iggy. He was a rescue dog killed in the Stockholm attack. His memorial started with a collar and four bones. It's grown a bit. 14/10 https://t.co/E4a0R9my1M",14,10,"Iggy",NA,"web_site",0.919649,25061,7442,"4/10/2017 16:00"
"Meet Snoop. His number one passion is sticking his head out of car windows, so he purchased some doggles. Stylish af. 13/10 happy travels https://t.co/iHYfZdz444",13,10,"Snoop",NA,NA,NA,21357,6024,"4/10/2017 0:06"
"This is Kyle. He made a joke about your shoes, then stuck his tongue out at you. Uncalled for. Step the h*ck up Kyle. 11/10 would forgive https://t.co/hLQ2Ilg2uN",11,10,"Kyle",NA,"pug",0.996952,32064,9784,"4/8/2017 16:54"
"This is Leo. He's a personal triathlon coach. Currently overseeing this athlete's push-pups. H*ckin brutal. 13/10 would do all he asks of me https://t.co/FXZQtBcnTO",13,10,"Leo",NA,NA,NA,13505,2759,"4/7/2017 16:10"
"@markhoppus MARK THAT DOG HAS SEEN AND EXPERIENCED MANY THINGS. PROBABLY LOST OTHER EAR DOING SOMETHING HEROIC. 13/10 HUG THE DOG HOPPUS",13,10,NA,NA,NA,NA,3546,352,"4/7/2017 13:04"
"This is Riley. He's making new friends. Jubilant as h*ck for the fun times ahead. 11/10 for all pups pictured https://t.co/PCX25VV78l",11,10,"Riley",NA,"tennis_ball",0.714798,16891,4040,"4/7/2017 0:38"
"Say hello to Boomer. He's a sandy pupper. Having a h*ckin blast. 12/10 would pet passionately https://t.co/ecb3LvExde",12,10,"Boomer","pupper","Shetland_sheepdog",0.759907,21169,5169,"4/6/2017 16:18"
"Seriously guys? Again? We only rate dogs. Please stop submitting other things like this super good hammerhead shark. Thank you... 12/10 https://t.co/TCMC90mSOT",12,10,NA,NA,NA,NA,31545,8027,"4/6/2017 0:13"
"This is Noosh. He noticed you were in the shower and thought you could use some company. 12/10 h*ckin loyal https://t.co/Uq3ChFgWA3",12,10,"Noosh",NA,"schipperke",0.907559,16443,3321,"4/5/2017 0:04"
"At first I thought this was a dog because of the sign, but it is clearly Wilson from Home Improvement. Please only send in dogs... 11/10 https://t.co/jqPk1BZ6xu",11,10,NA,NA,NA,NA,11837,1994,"4/4/2017 19:03"
"This is Kevin. Kevin doesn't give a single h*ck. Will sit in the fountain if he wants to. 13/10 churlish af https://t.co/r6GjO6MbZz",13,10,"Kevin",NA,NA,NA,44043,9012,"4/4/2017 0:12"
"Please stop sending in animals other than dogs. We only rate dogs. Not Furry Ecuadorian Sea Turtles. Thank you... 12/10 https://t.co/UOE79zb6VU",12,10,NA,NA,"flat-coated_retriever",0.823648,26148,4568,"4/3/2017 0:16"
"Meet Odin. He's supposed to be giving directions but he'd rather look at u like that. Should probably buckle pup. 12/10 distracting as h*ck https://t.co/1pSqUbLQ5Z",12,10,"Odin",NA,"malamute",0.544576,25684,4874,"4/2/2017 0:03"
"Jerry just apuppologized to me. He said there was no ill-intent to the slippage. I overreacted I admit. Pupgraded to an 11/10 would pet",11,10,NA,NA,NA,NA,8482,790,"4/1/2017 16:41"
"This is Jerry. He's doing a distinguished tongue slip. Slightly patronizing tbh. You think you're better than us, Jerry? 6/10 hold me back https://t.co/DkOBbwulw1",6,10,"Jerry",NA,NA,NA,16950,3255,"4/1/2017 16:35"
"This is Georgie. He's very shy. Only puppears when called. Aggressively average at fetch. Unique front paws. Looks slippery. 10/10 would pet https://t.co/rcDs5LkiSj",10,10,"Georgie",NA,NA,NA,24428,5408,"4/1/2017 0:04"
"This is Rontu. He is described as a pal, cuddle bug, protector and constant shadow. 12/10, but he needs your help",12,10,"Rontu",NA,"Bernese_mountain_dog",0.951337,5696,1425,"3/31/2017 16:07"
".@breaannanicolee PUPDATE: Cannon has a heart on his nose. Pupgraded to a 13/10",13,10,NA,NA,NA,NA,7288,451,"3/31/2017 1:11"
"This is Cannon. He just heard something behind him. Fr*ckin frightened af. 12/10 don't look back just run https://t.co/WTPBWT6Ux1",12,10,"Cannon",NA,NA,NA,19521,3601,"3/31/2017 0:27"
"This is Furzey. He's doing an elevated sandy zoom. Adjusts ears to steer. 12/10 would pet mid flight https://t.co/zhbRIZQgnq",12,10,"Furzey",NA,NA,NA,21268,4559,"3/30/2017 0:56"
"Meet Daisy. She's been pup for adoption for months now but hasn't gotten any applications. 11/10 let's change that",11,10,"Daisy",NA,NA,NA,20774,6215,"3/29/2017 18:43"
"Unbelievable... We. Only. Rate. Dogs. Please stop sending in other things like this Blossoming Flop Kangaroo. Thank you... 11/10 https://t.co/EeeErAbso0",11,10,NA,NA,NA,NA,22291,3396,"3/29/2017 16:00"
"This is Tuck. As you can see, he's rather h*ckin rare. Taken seriously until his legs are seen. Tail stuck in a permanent zoom. 13/10 https://t.co/P7PBGqrKSe",13,10,"Tuck",NA,NA,NA,20911,4173,"3/29/2017 0:01"
"This is Barney. He's an elder doggo. Hitches a ride when he gets tired. Waves goodbye before he leaves. 13/10 please come back soon https://t.co/cFAasDXauK",13,10,"Barney","doggo","golden_retriever",0.650003,46506,12333,"3/28/2017 0:07"
"THIS WAS NOT HIS FAULT HE HAD NO IDEA. 11/10 STILL A VERY GOOD DOG https://t.co/GJ8rozumsy",11,10,NA,NA,NA,NA,14710,3289,"3/27/2017 23:35"
"This is Vixen. He really likes bananas. Steals them when he thinks nobody's watching. 13/10 opportunistic af https://t.co/a0CkS5ExFR",13,10,"Vixen",NA,NA,NA,33023,9646,"3/27/2017 0:15"
"SHE DID AN ICY ZOOM AND KNEW WHEN TO PUT ON THE BRAKES 13/10 CANCEL THE GAME THIS IS ALL WE NEED https://t.co/4ctgpGcqAd",13,10,NA,NA,NA,NA,32169,10498,"3/26/2017 23:20"
"Meet Jarvis. The snow pupsets him. Officially ready for summer. 12/10 would perform a chilly boop https://t.co/0hLkztpiOW",12,10,"Jarvis",NA,"golden_retriever",0.96111,16662,3081,"3/26/2017 16:55"
"We usually don't rate polar bears but this one seems extra good. Majestic as h*ck. 13/10 would hug for a while https://t.co/TLNexlqzXP",13,10,NA,NA,"Samoyed",0.979803,30559,9312,"3/26/2017 1:38"
"C'mon guys. Please only send in dogs. We only rate dogs, not Exceptional-Tongued Peruvian Floor Bears. Thank you... 12/10 https://t.co/z30iQLiXNo",12,10,NA,NA,"chow",0.808681,26170,5090,"3/25/2017 16:45"
"Say hello to Mimosa. She's an emotional support doggo who helps her owner with PTSD. 13/10, but she needs your help",13,10,"Mimosa","doggo",NA,NA,7963,1926,"3/24/2017 22:08"
"This is Pickles. She's a silly pupper. Thinks she's a dish. 12/10 would dry https://t.co/7mPCF4ZwEk",12,10,"Pickles","pupper",NA,NA,24320,5745,"3/24/2017 16:10"
"PUPDATE: I'm proud to announce that Toby is 236 days sober. Pupgraded to a 13/10. We're all very proud of you, Toby https://t.co/a5OaJeRl9B",13,10,NA,NA,"tennis_ball",0.999281,14228,2754,"3/23/2017 18:29"
"This is Brady. He's a recovering alcoholic. Demonstrating incredible restraint here. 12/10 don't give pup, don't give in, Brady https://t.co/B1iBuSq3hr",12,10,"Brady",NA,"Labrador_retriever",0.742421,15780,3426,"3/23/2017 18:07"
"This is Luna. It's her first time outside and a bee stung her nose. Completely h*ckin uncalled for. 13/10 where's the bee I just wanna talk https://t.co/2RYiLGHuPN",13,10,"Luna",NA,"Labrador_retriever",0.980213,40432,11036,"3/23/2017 0:18"
"This is Charlie. He wants to know if you have a moment to talk about washing machine insurance policies. 11/10 would hear him out https://t.co/gAzPqT7uyk",11,10,"Charlie",NA,NA,NA,17206,3355,"3/22/2017 16:04"
"This is Margo. She just dug pup a massive hole. Can't wait for you to see it. H*ckin proud of herself. 12/10 would forgive then pet https://t.co/H38HB6rBTx",12,10,"Margo",NA,"Labrador_retriever",0.71951,14244,2345,"3/21/2017 16:26"
"HE WAS DOING A SNOOZE NO SHAME IN A SNOOZE 13/10 https://t.co/Gu5wHx3CBd",13,10,NA,NA,NA,NA,15802,3119,"3/21/2017 0:22"
"Say hello to Sadie and Daisy. They do all their shopping together. Can never agree on what to get. Like an old married pupple. Both 12/10 https://t.co/f5C5l5wa0e",12,10,"Sadie",NA,"Labrador_retriever",0.92254,22368,4941,"3/20/2017 16:08"
"This is Hank. He's been outside for 3 minutes and already made a friend. Way to go Hank. 11/10 for both https://t.co/wHUElL84RC",11,10,"Hank",NA,NA,NA,17657,2944,"3/19/2017 23:25"
"This is Tycho. She just had new wheels installed. About to do a zoom. 0-60 in 2.4 seconds. 13/10 inspirational as h*ck https://t.co/DKwp2ByMsL",13,10,"Tycho",NA,"Pembroke",0.958452,22473,6463,"3/18/2017 22:59"
"This is Charlie. He's wishing you a very fun and safe St. Pawtrick's Day. 13/10 festive af https://t.co/nFpNgCWWYs",13,10,"Charlie",NA,NA,NA,15915,3846,"3/17/2017 21:13"
"Meet Indie. She's not a fan of baths but she's definitely a fan of hide &amp; seek. 12/10 click the link to help Indie",12,10,"Indie",NA,"tub",0.665238,7059,1360,"3/17/2017 15:51"
"This is Winnie. She lost her body saving a children's hospital from an avalanche. 13/10 what a h*ckin hero https://t.co/Tf0rh9ZgZe",13,10,"Winnie",NA,"Pembroke",0.685084,18937,3747,"3/17/2017 0:38"
"Meet George. He looks slightly deflated but overall quite powerful. Not sure how that human restrained him. 12/10 would snug with permission https://t.co/o6E0hB3xZl",12,10,"George",NA,"French_bulldog",0.891227,25628,6206,"3/16/2017 0:00"
"This is Bentley. It's his first time going to the beach. I think he's a fan. 12/10 would build sand castles with https://t.co/iDK4OyQJoy",12,10,"Bentley",NA,NA,NA,14665,3243,"3/15/2017 20:48"
"This is Penny. She's a dragon slayer. Feared by most, if not all, dragons. Showing off her latest victim here. 12/10 would pet with caution https://t.co/qUOijSlPnj",12,10,"Penny",NA,"Chihuahua",0.547401,26850,8300,"3/14/2017 16:01"
"Here we have some incredible doggos for #K9VeteransDay. All brave as h*ck. Salute your dog in solidarity. 14/10 for all https://t.co/SVNMdFqKDL",14,10,NA,NA,NA,NA,13229,3927,"3/14/2017 0:04"
"We don't rate penguins, but if we did, this one would get 12/10 https://t.co/cEORXhwZ5K",12,10,NA,NA,NA,NA,20686,5815,"3/13/2017 16:08"
"This is Max. There's no way in h*ck you're taking his pacifier. Binky promises it's not happening. 13/10 very good stubborn boy https://t.co/9lVAqDEvZ5",13,10,"Max",NA,NA,NA,16580,5024,"3/13/2017 15:47"
"This is Dawn. She's just checking pup on you. Making sure you're doing okay. 12/10 she's here if you need her https://t.co/XKJrmO4fAQ",12,10,"Dawn",NA,"Brittany_spaniel",0.962985,23993,5688,"3/13/2017 0:02"
"@0_kelvin_0 &gt;10/10 is reserved for puppos sorry Kevin",10,10,NA,NA,NA,NA,188,2,"3/11/2017 22:59"
"I didn't even have to intervene. Took him 4 minutes to realize his error. 10/10 for Kevin https://t.co/2gclc1MNr7",10,10,NA,NA,"web_site",0.841768,12900,1050,"3/11/2017 22:51"
"Say hello to Maddie and Gunner. They are considerably pupset about bath time. Both 12/10 but Gunner needs your help",12,10,"Maddie",NA,"golden_retriever",0.711148,9417,1880,"3/11/2017 18:35"
"You have been visited by the magical sugar jar puggo. He has granted you three boops. 13/10 would use immediately https://t.co/76iL7JUQdG",13,10,NA,NA,NA,NA,17270,4882,"3/11/2017 1:15"
"This is Monty. He makes instantly regrettable decisions. Couldn't help himself. It looked like a ghost lollipop. 12/10 mistake happen https://t.co/8Wsr6b4RjE",12,10,"Monty",NA,"Chesapeake_Bay_retriever",0.863987,20228,6150,"3/10/2017 18:27"
"Meet Sojourner. His nose is a Fibonacci Spiral. Legendary af. 13/10 we must protect him at all costs https://t.co/r7W1NbkOtr",13,10,"Sojourner",NA,"Staffordshire_bullterrier",0.604938,14099,2468,"3/10/2017 0:04"
"Meet Winston. He knows he's a little too big for the swing, but he doesn't care. Kindly requests a push. 12/10 would happily oblige https://t.co/GuxEXTdnMu",12,10,"Winston",NA,NA,NA,28906,8355,"3/8/2017 18:52"
"This is Odie. He's big. 13/10 would attempt to ride https://t.co/JEXB9RwBmm",13,10,"Odie",NA,NA,NA,28588,7024,"3/7/2017 22:22"
"SHE MISPLACED HER HOOMAN 13/10 MISTAKES HAPPEN https://t.co/ngAxYLVYHP",13,10,NA,NA,NA,NA,20607,4265,"3/7/2017 3:22"
"This is Arlo. He's officially the king of snowy tongue slips. 13/10 would comfort during inevitable brain freeze https://t.co/oXVu9pNZZv",13,10,"Arlo",NA,NA,NA,11737,2231,"3/7/2017 1:17"
"This is Walter. His owner has been watching all the Iditarod coverage and is convinced Walter can be a sled dog. 13/10 Walter isn't so sure https://t.co/0av1PEehFI",13,10,"Walter",NA,NA,NA,11473,1423,"3/6/2017 1:26"
"This is Stanley. Somehow he heard you tell him he's a good boy from all the way up there. 13/10 I love you Stanley https://t.co/51FXNuouHI",13,10,"Stanley",NA,"Great_Pyrenees",0.997692,23754,5182,"3/5/2017 19:48"
"@bragg6of8 @Andy_Pace_ we are still looking for the first 15/10",15,10,NA,NA,NA,NA,149,0,"3/4/2017 17:56"
"This is Daisy. She's puppears to be rare as all h*ck. Only seven like her currently domesticated. 13/10 pettable af https://t.co/meUc8jufAO",13,10,"Daisy",NA,"chow",0.800975,18547,3394,"3/4/2017 17:49"
"Here's a pupper before and after being asked ""who's a good girl?"" Unsure as h*ck. 12/10 hint hint it's you https://t.co/ORiK6jlgdH",12,10,NA,"pupper","golden_retriever",0.887625,35955,8461,"3/4/2017 0:21"
"This is Waffles. He's a ship captain in real life and in @GoodDogsGame. Must've gotten to the max level (wink) 13/10 would sail with https://t.co/Z3LAaV2pKz",13,10,"Waffles",NA,NA,NA,4036,476,"3/3/2017 1:58"
"This is Vincent. He's suave as h*ck. Will be your copilot this evening. Claims he doesn't need to look at the directions. 12/10 https://t.co/u51tzXSVi3",12,10,"Vincent",NA,"Norwegian_elkhound",0.976255,13465,2468,"3/3/2017 1:14"
"This is Lucy. She has a portrait of herself on her ear. Excellent for identification pupposes. 13/10 innovative af https://t.co/uNmxbL2lns",13,10,"Lucy",NA,"American_Staffordshire_terrier",0.660085,22236,5705,"3/2/2017 18:17"
"This is Clark. He passed pupper training today. Round of appaws for Clark. 13/10 https://t.co/7pUjwe8X6B",13,10,"Clark","pupper","Siberian_husky",0.767696,16862,2579,"3/2/2017 1:20"
"This is Mookie. He really enjoys shopping but not from such high altitudes. Doin him quite the concern. 12/10 someone lower him https://t.co/beWUzGVKRM",12,10,"Mookie",NA,"shopping_cart",0.572422,13400,2473,"3/1/2017 17:22"
"This is Meera. She just heard about taxes and how much a doghouse in a nice area costs. Not pupared to be a doggo anymore. 12/10 https://t.co/GZmNEdyoJY",12,10,"Meera","doggo",NA,NA,20249,4975,"3/1/2017 1:42"
"Say hello to Oliver. He's pretty exotic. Fairly pupset as well. Too many midterms coming pup. 11/10 would pet with extreme caution https://t.co/fGAPAsxjKs",11,10,"Oliver",NA,NA,NA,13277,2393,"2/28/2017 20:41"
"This is Ava. She just blasted off. Streamline af. Aerodynamic as h*ck. One small step for pupper, one giant leap for pupkind. 12/10 https://t.co/W4KffrdX3Q",12,10,"Ava","pupper",NA,NA,15501,3186,"2/28/2017 1:00"
"This is Lucy. She spent all morning overseeing the shoveling of the driveway. H*ckin hard work. 13/10 very good girl Lucy https://t.co/gA2GECjiQD",13,10,"Lucy",NA,"borzoi",0.564688,22403,4625,"2/27/2017 17:01"
"Atlas is back and this time he's prettier than the sunset. Seems to be aware of it too. 13/10 would give modeling contract https://t.co/uRdKlFArQE",13,10,NA,NA,"Samoyed",0.963558,20139,4630,"2/26/2017 23:52"
"This is Eli. He works backstage at Bone Jovi concerts. Heavy duty earmuffs for puptection. H*ckin safe boy. 11/10 https://t.co/cVQEnUQd8q",11,10,"Eli",NA,"Staffordshire_bullterrier",0.610655,18756,3907,"2/25/2017 19:37"
"Meet Ash. He's a Benebop Cumberplop. Quite rare. Fairly portable. Lil sandy tho. Clearly knows something you don't. 12/10 would hug softly https://t.co/1U0z6r5LSO",12,10,"Ash",NA,NA,NA,17302,3232,"2/25/2017 1:18"
"Meet Lola. Her hobbies include being precious af and using her foot as a toothbrush. 12/10 Lola requests your help",12,10,"Lola",NA,NA,NA,8169,1840,"2/24/2017 23:04"
"We only rate dogs. Please don't send in any non-canines like this Floppy Tongued House Panda. Thank you... 12/10 would still pet https://t.co/8fX2VkExnL",12,10,NA,NA,"Border_collie",0.663138,27559,6199,"2/24/2017 17:01"
"This is Tucker. He decided it was time to part ways with his favorite ball. We captured the emotional farewell on camera. 12/10 https://t.co/jTe7Y6P0HK",12,10,"Tucker",NA,NA,NA,11428,1784,"2/24/2017 1:03"
"This is Tobi. She is properly fetching her shot. H*ckin nifty af bandana. 13/10 would send fully armed battalion to remind her of my love https://t.co/3FIqvumEXE",13,10,"Tobi",NA,NA,NA,22298,5917,"2/23/2017 15:25"
"Here's a doggo fully pupared for a shower. H*ckin exquisite balance. Sneaky tongue slip too. 13/10 https://t.co/UtEVnQ1ZPg",13,10,NA,"doggo",NA,NA,14445,2737,"2/23/2017 1:22"
"Meet Chester (bottom) &amp; Harold (top). They are different dogs not only in appearance, but in personality as well. Both 12/10 symbiotic af https://t.co/8ZOZS2FSJe",12,10,"Chester",NA,NA,NA,10125,1810,"2/22/2017 17:41"
"This is Wilson. He's aware that he has something on his face. Waiting for you to get it for him. 12/10 https://t.co/FaeinVjzTZ",12,10,"Wilson",NA,"golden_retriever",0.754799,21740,5173,"2/22/2017 1:14"
"This is Sunshine. She doesn't believe in personal space. Eyes pretty far apart for a dog. Has horns (whoa). 11/10 would pet with wonder https://t.co/o3bhLguymB",11,10,"Sunshine",NA,NA,NA,16629,3929,"2/21/2017 22:26"
"DOGGO ON THE LOOSE I REPEAT DOGGO ON THE LOOSE 10/10 https://t.co/ffIH2WxwF0",10,10,NA,"doggo",NA,NA,10601,2295,"2/21/2017 17:18"
"This is Lipton. He's a West Romanian Snuggle Pup. Only a few left of his kind. 12/10 would boop https://t.co/5KmXPIGgAG",12,10,"Lipton",NA,NA,NA,13790,2398,"2/21/2017 17:04"
"This is Bentley. Hairbrushes are his favorite thing in the h*ckin world. 12/10 impawsible to say no to https://t.co/HDloTYilWZ",12,10,"Bentley",NA,NA,NA,14150,2602,"2/21/2017 2:17"
"Meet Charlie. She asked u to change the channel to Animal Planet at least 6 times. Now taking matters into her own paws. 13/10 assertive af https://t.co/WTzhtfevKY",13,10,"Charlie",NA,NA,NA,16204,3719,"2/20/2017 23:50"
"This is Bronte. She's fairly h*ckin aerodynamic. Also patiently waiting for mom to make her a main character. 13/10 would be an honor to pet https://t.co/w1MQWO2PET",13,10,"Bronte",NA,"West_Highland_white_terrier",0.918144,21842,3470,"2/20/2017 17:00"
"This is Poppy. She just arrived. 13/10 would snug passionately https://t.co/YGeSpyN8Gu",13,10,"Poppy",NA,"golden_retriever",0.727039,15689,2240,"2/20/2017 0:53"
"This is Gidget. She's a spy pupper. Stealthy as h*ck. Must've slipped pup and got caught. 12/10 would forgive then pet https://t.co/zD97KYFaFa",12,10,"Gidget","pupper","Cardigan",0.710523,21316,5240,"2/19/2017 1:23"
"This is Rhino. He arrived at a shelter with an elaborate doggo manual for his new family, written by someone who will always love him. 13/10 https://t.co/QX1h0oqMz0",13,10,"Rhino","doggo","boxer",0.539036,14040,2400,"2/18/2017 17:00"
"This is Willow. She's the official strawberry taste tester. Palate delicate af. Currently noting the subtle piquancy of this one. 13/10 https://t.co/On7muWnWSQ",13,10,"Willow",NA,NA,NA,17770,3923,"2/18/2017 1:03"
"Prosperous good boy 13/10 socioeconomic af https://t.co/8YlD5lxPbQ",13,10,NA,NA,NA,NA,12542,3177,"2/17/2017 20:05"
"There's going to be a dog terminal at JFK Airport. This is not a drill. 10/10",10,10,"not",NA,NA,NA,3083,563,"2/17/2017 17:38"
"This is Orion. He just got back from the dentist. Cavity free af. 12/10 would give extra pats https://t.co/Y4DZx2UWsr",12,10,"Orion",NA,"Eskimo_dog",0.525032,16764,3031,"2/17/2017 17:01"
"This is Eevee. She wants to see how you're doing. Just checkin pup on you. She hopes you're doing okay. 12/10 extremely good girl https://t.co/nqAJGCHKEt",12,10,"Eevee",NA,"Pekinese",0.988916,12622,2408,"2/17/2017 1:13"
"This is Charlie. He fell asleep on a heating vent. Would puppreciate your assistance. 11/10 someone help Charlie https://t.co/Dhdx5HnQ4d",11,10,"Charlie",NA,"kelpie",0.50469,18133,3450,"2/16/2017 23:23"
"Say hello to Smiley. He's a blind therapy doggo having a h*ckin blast high steppin around in the snow. 14/10 would follow anywhere https://t.co/SHAb1wHjMz",14,10,"Smiley","doggo",NA,NA,11947,2525,"2/16/2017 17:00"
"This is Miguel. He was the only remaining doggo at the adoption center after the weekend. Let's change that. 12/10",12,10,"Miguel","doggo","whippet",0.601712,18838,5036,"2/16/2017 1:04"
"This is Emanuel. He's a h*ckin rare doggo. Dwells in a semi-urban environment. Round features make him extra collectible. 12/10 would so pet https://t.co/k9bzgyVdUT",12,10,"Emanuel","doggo",NA,NA,25377,6650,"2/15/2017 18:54"
"@UNC can confirm 12/10",12,10,NA,NA,NA,NA,360,35,"2/15/2017 18:03"
"Meet Kuyu. He was trapped in a well for 10 days. Rescued yesterday using a device designed by a local robotics team. 14/10 for all involved https://t.co/l38R6IZNNg",14,10,"Kuyu",NA,"bloodhound",0.777562,29243,7063,"2/15/2017 17:02"
"This is Daisy. She has a heart on her butt. 13/10 topical af https://t.co/u6p4LxzHKg",13,10,"Daisy",NA,"Pembroke",0.624802,11047,1965,"2/15/2017 1:04"
"I usually only share these on Friday's, but this is Blue. He's a very smoochable pooch who needs your help. 13/10",13,10,NA,NA,"Eskimo_dog",0.530416,7594,2105,"2/14/2017 23:43"
"This is Dutch. He dressed up as his favorite emoji for Valentine's Day. I've got heart eyes for his heart eyes. 13/10 https://t.co/BCbmFYLrse",13,10,"Dutch",NA,NA,NA,9523,2485,"2/14/2017 17:17"
"This is Pete. He has no eyes. Needs a guide doggo. Also appears to be considerably fluffy af. 12/10 would hug softly https://t.co/Xc0gyovCtK",12,10,"Pete","doggo","Old_English_sheepdog",0.999715,9721,1657,"2/14/2017 2:02"
"I couldn't make it to the #WKCDogShow BUT I have people there on the ground relaying me the finest pupper pics possible. 13/10 for all https://t.co/jd6lYhfdH4",13,10,NA,"pupper",NA,NA,6899,1210,"2/14/2017 1:35"
"This is Scooter and his son Montoya. Scooter is a wonderful father. He takes very good care of Montoya. Both 12/10 would pet at same time https://t.co/ghqMfxxa4V",12,10,"Scooter",NA,NA,NA,12408,2643,"2/14/2017 1:09"
"This is Tucker. He's feeling h*ckin festive and his owners don't have the heart to tell him Christmas is over. 12/10 https://t.co/zqR5XKMpuY",12,10,"Tucker",NA,NA,NA,12599,2227,"2/13/2017 22:03"
"Say hello to Reggie. He hates puns. 12/10 lighten pup Reggie https://t.co/X4vNEzAod5",12,10,"Reggie",NA,NA,NA,8441,1620,"2/13/2017 1:46"
"This is Lilly. She just parallel barked. Kindly requests a reward now. 13/10 would pet so well https://t.co/SATN4If5H5",13,10,"Lilly",NA,"Labrador_retriever",0.908703,70821,18273,"2/12/2017 1:04"
"Meet Samson. He's absolute fluffy perfection. Easily 13/10, but he needs your help. Click the link to find out more",13,10,"Samson",NA,NA,NA,10396,3263,"2/10/2017 16:53"
"This is Mia. She already knows she's a good dog. You don't have to tell her. 12/10 would probably tell her anyway https://t.co/xeudgDXmTU",12,10,"Mia",NA,NA,NA,12943,2127,"2/10/2017 1:15"
"This is Leo. He was a skater pup. She said see ya later pup. He wasn't good enough for her. 12/10 you're good enough for me Leo https://t.co/Xw9JbJHTul",12,10,"Leo",NA,"French_bulldog",0.950851,33628,11537,"2/9/2017 1:27"
"Here's a stressed doggo. Had a long day. Many things on her mind. The hat communicates these feelings exquisitely. 11/10 https://t.co/fmRS43mWQB",11,10,NA,"doggo",NA,NA,11084,2205,"2/8/2017 22:00"
"This is Astrid. She's a guide doggo in training. 13/10 would follow anywhere https://t.co/xo7FZFIAao",13,10,"Astrid","doggo","Staffordshire_bullterrier",0.757547,36667,10127,"2/8/2017 17:00"
"This is Malcolm. He goes from sneaky tongue slip to flirt wink city in a matter of seconds. 12/10 would hug softly https://t.co/rHwfySggqR",12,10,"Malcolm",NA,"golden_retriever",0.57314,25975,8056,"2/8/2017 1:35"
"This is Dexter. He was reunited with his mom yesterday after she was stuck in Iran during the travel Bannon. 13/10 welcome home https://t.co/U50RlRw4is",13,10,"Dexter",NA,NA,NA,56150,17630,"2/7/2017 17:00"
"This is Alfie. He's your Lyft for tonight. Kindly requests you buckle pup and remain reasonably calm during the ride. 13/10 he must focus https://t.co/AqPTHYUBFz",13,10,"Alfie",NA,"seat_belt",0.765979,27097,6382,"2/7/2017 1:00"
"This is Fiona. She's an exotic dog. Seems rather impatient. Jaw extension on another level tho. Looks slippery. 10/10 would still pet https://t.co/vst2SEVJO3",10,10,"Fiona",NA,"hippopotamus",0.942911,38824,12211,"2/6/2017 20:55"
"Occasionally, we're sent fantastic stories. This is one of them. 14/10 for Grace https://t.co/bZ4axuH6OK",14,10,"one",NA,"golden_retriever",0.649209,10068,1465,"2/6/2017 17:02"
"This is Mutt Ryan. He's quite confident at the moment. 12/10 rise pup! https://t.co/ZH5CvRlCxt",12,10,"Mutt",NA,"teddy",0.908457,6666,1251,"2/6/2017 1:07"
"This is Bear. He went outside to play in the snow. Needed a break from the game. Feeling a tad better now. 12/10 deep breaths Bear https://t.co/7WFLKli2T3",12,10,"Bear",NA,NA,NA,8112,1396,"2/6/2017 1:03"
"Meet Doobert. He's a deaf doggo. Didn't stop him on the field tho. Absolute legend today. 14/10 would pat head approvingly https://t.co/iCk7zstRA9",14,10,"Doobert","doggo",NA,NA,13391,2417,"2/5/2017 23:15"
"This is Beebop. Her name means ""Good Dog"" in robot. She also was a star on the field today. 13/10 would pet well https://t.co/HKBVZqXFNR",13,10,"Beebop",NA,"American_Staffordshire_terrier",0.523086,7826,1154,"2/5/2017 22:55"
"This is Alexander Hamilpup. He was one of the many stars in this year's Puppy Bowl. He just hopes both teams had fun. 12/10 https://t.co/JcTuUcyYNS",12,10,"Alexander",NA,"malamute",0.663047,13281,3198,"2/5/2017 22:40"
"Beebop and Doobert should start a band 12/10 would listen",12,10,NA,NA,NA,NA,2325,184,"2/5/2017 21:56"
"This is Sailer. He waits on the roof for his owners to come home. Nobody knows how he gets up there. H*ckin loyal af. 13/10 https://t.co/O37z4jaMG9",13,10,"Sailer",NA,NA,NA,12467,3113,"2/5/2017 1:04"
"Say hello to Brutus and Jersey. They think they're the same size. Best furiends furever. Both 11/10 would pet simultaneously https://t.co/rkhCFfDtxB",11,10,"Brutus",NA,"American_Staffordshire_terrier",0.936662,10995,2338,"2/4/2017 22:45"
"This is Kona. Yesterday she stopped by the department to see what it takes to be a police pupper. 12/10 vest was only a smidge too big https://t.co/j8D3PQJvpJ",12,10,"Kona","pupper","German_shepherd",0.806115,21365,5688,"2/4/2017 17:34"
"This is Boots. She doesn't know what to do with treats so she just holds them. Very good girl. 12/10 would give more treats https://t.co/eAA8lratd3",12,10,"Boots",NA,NA,NA,16364,3272,"2/3/2017 23:04"
"Meet Tucker. It's his birthday. He's pupset with you because you're too busy playing @GoodDogsGame to celebrate. 13/10 would put down phone https://t.co/vrppizPGdb",13,10,"Tucker",NA,NA,NA,7857,1032,"2/3/2017 19:31"
"This is Ralphie. He's being treated for an overactive funny bone, which is no joke. 12/10 would try to pet with a straight face https://t.co/UU3KqQF5n5",12,10,"Ralphie",NA,NA,NA,16840,3337,"2/3/2017 1:16"
"This is Charlie. He wins every game of chess he plays. Won't let opponent pet him until they forfeit. 13/10 you win again Charlie https://t.co/UkyQibIBzZ",13,10,"Charlie",NA,NA,NA,11222,2443,"2/2/2017 17:00"
"This is Loki. He smiles like Elvis. Ain't nothin but a hound doggo. 12/10 https://t.co/QV5nx6otZR",12,10,"Loki","doggo","golden_retriever",0.617389,22888,5448,"2/2/2017 1:01"
"This is Cupid. He was found in the trash. Now he's well on his way to prosthetic front legs and a long happy doggo life. 13/10 heroic af https://t.co/WS0Gha8vRh",13,10,"Cupid","doggo","Great_Pyrenees",0.858764,38715,11133,"2/1/2017 17:44"
"I was going to do 007/10, but the joke wasn't worth the &lt;10 rating",7,10,NA,NA,NA,NA,5427,277,"2/1/2017 1:11"
"This is Pilot. He has mastered the synchronized head tilt and sneaky tongue slip. Usually not unlocked until later doggo days. 12/10 https://t.co/YIV8sw8xkh",12,10,"Pilot","doggo","German_shepherd",0.74186,19560,4570,"1/31/2017 17:06"
"We only rate dogs. Please don't send in any more non-dogs like this Wild Albanian Street Moose. Thank you... 11/10 https://t.co/srXL2s868C",11,10,NA,NA,"French_bulldog",0.903048,14094,2815,"1/31/2017 1:27"
"Here's a little more info on Dew, your favorite roaming doggo that went h*ckin viral. 13/10",13,10,NA,"doggo","Labrador_retriever",0.782058,5179,1016,"1/30/2017 23:05"
"This is Ike. He's demonstrating the pupmost restraint. 13/10 super good boy https://t.co/6gHoGah9nm",13,10,"Ike",NA,"tennis_ball",0.997071,16649,3416,"1/30/2017 17:10"
"This is Mo. No one will push him around in the grocery cart. He's quite pupset about it. 11/10 I volunteer https://t.co/feNwTq12S5",11,10,"Mo",NA,"shopping_cart",0.995941,11123,2038,"1/30/2017 1:21"
"This is Toby. He just found out you only pretend to throw the ball sometimes. H*ckin puppalled. 12/10 would console https://t.co/YimNdkZrhM",12,10,"Toby",NA,"Great_Pyrenees",0.853407,13549,2713,"1/29/2017 22:15"
"Here's a very loving and accepting puppo. Appears to have read her Constitution well. 14/10 would pat head approvingly https://t.co/6ao80wIpV1",14,10,NA,"puppo","Rottweiler",0.681495,55333,18745,"1/29/2017 2:44"
"This is Sweet Pea. She hides in shoe boxes and waits for someone to pick her. Then she surpuprises them. 13/10 https://t.co/AyBEmx56MD",13,10,"Sweet",NA,NA,NA,19463,4987,"1/28/2017 1:04"
"Say hello to Pablo. He's one gorgeous puppo. A true 12/10. Click the link to see why Pablo requests your assistance",12,10,"Pablo","puppo","Eskimo_dog",0.524454,6750,1399,"1/27/2017 17:04"
"This is Scooter. His lack of opposable thumbs is rendering his resistance to tickling embarrassingly moot. 12/10 would keep tickling https://t.co/F0VWg2GztI",12,10,"Scooter",NA,NA,NA,15921,3843,"1/27/2017 0:24"
"This is Wilson. Named after the volleyball. He tongue wrestled a bee and lost. 13/10 valiant effort tho https://t.co/A5Mx4h1FSM",13,10,"Wilson",NA,"English_setter",0.526488,10708,1893,"1/26/2017 17:02"
"Retweet the h*ck out of this 13/10 pupper #BellLetsTalk https://t.co/wBmc7OaGvS",13,10,NA,"pupper","Pembroke",0.990793,12531,11325,"1/25/2017 18:38"
"This is Nala. She got in trouble. One h*ck of a pupnishment. Still 11/10 would pet https://t.co/EmJbG0skLt",11,10,"Nala",NA,"teddy",0.58823,16015,4220,"1/25/2017 16:45"
"""I wish we were dogs"" 14/10 for @BadlandsNPS https://t.co/50qq2DItPW",14,10,NA,NA,NA,NA,5078,645,"1/24/2017 22:44"
"This is Cash. He's officially given pup on today. 12/10 frighteningly relatable https://t.co/m0hrATIEyw",12,10,"Cash",NA,NA,NA,11327,2959,"1/24/2017 17:04"
"This is Winston. The goggles make him a superhero. Protects the entire city from criminals unless they rub his belly really well. 12/10 https://t.co/yCydYURYEL",12,10,"Winston",NA,NA,NA,13384,2644,"1/24/2017 1:08"
"This is Crawford. He's quite h*ckin good at the selfies. Nose is incredibly boopable. 11/10 would snapchat https://t.co/6F5Rrp472U",11,10,"Crawford",NA,NA,NA,13872,2887,"1/23/2017 17:20"
"@HistoryInPics 13/10",13,10,NA,NA,NA,NA,741,28,"1/23/2017 0:56"
"This is Wyatt. He's got the fastest paws in the West. H*ckin deadly. 11/10 would ride into the sunset with https://t.co/stkJ377KK7",11,10,"Wyatt",NA,NA,NA,16752,4386,"1/23/2017 0:13"
"This is Albus. He's soaked as h*ck. Seems to have misplaced an ear as well. Still in good spirits tho. 12/10 would dry https://t.co/yUM8jYStuG",12,10,"Albus",NA,NA,NA,18397,3757,"1/22/2017 1:12"
"Here's a super supportive puppo participating in the Toronto #WomensMarch today. 13/10 https://t.co/nTz3FtorBc",13,10,NA,"puppo",NA,NA,140935,47931,"1/21/2017 18:26"
"This is Hobbes. He was told he was going to the park. Ended up at the vet. H*ckin bamboozled. Quite pupset with you. 12/10 https://t.co/SSQE06XClS",12,10,"Hobbes",NA,NA,NA,14073,2493,"1/21/2017 17:31"
"Please stop sending in non-canines like this Very Pettable Dozing Bath Tortoise. We only rate dogs. Only send dogs... 12/10 https://t.co/mcagPeENIh",12,10,NA,NA,"cocker_spaniel",0.664487,15725,3239,"1/21/2017 1:02"
"This is Paisley. She really wanted to be president this time. Dreams officially crushed. 13/10 https://t.co/liJGwMp17E",13,10,"Paisley",NA,NA,NA,19337,7014,"1/20/2017 17:00"
"This is Gabe. He was the unequivocal embodiment of a dream meme, but also one h*ck of a pupper. You will be missed by so many. 14/10 RIP https://t.co/M3hZGadUuO",14,10,"Gabe","pupper","Pomeranian",0.960199,30349,16036,"1/20/2017 15:17"
"We only rate dogs. Please don't send pics of men capturing low level clouds. Thank you... 11/10 https://t.co/rLi83ZyCL5",11,10,NA,NA,"Samoyed",0.585441,37316,10763,"1/20/2017 0:50"
"This is Jimison. He was just called a good boy. 13/10 https://t.co/djMep7mGkV",13,10,"Jimison",NA,NA,NA,12105,2561,"1/19/2017 1:04"
"This is Duchess. She uses dark doggo forces to levitate her toys. 13/10 magical af https://t.co/maDNMETA52",13,10,"Duchess","doggo","golden_retriever",0.980071,8979,1819,"1/18/2017 17:07"
"This is Harlso. He has a really good idea but isn't sure you're going to like it. 13/10 he'll just keep it to himself https://t.co/IzcaR3Nqyn",13,10,"Harlso",NA,"Doberman",0.763539,8555,1934,"1/18/2017 1:01"
"This is Sundance. He's a doggo drummer. Even sings a bit on the side. 14/10 entertained af (vid by @sweetsundance) https://t.co/Xn5AQtiqzG",14,10,"Sundance","doggo",NA,NA,12554,4764,"1/17/2017 17:21"
"@imgur for a polar bear tho I'd say 13/10 is appropriate",13,10,NA,NA,NA,NA,271,10,"1/17/2017 0:33"
"This is Luca. He got caught howling. H*ckin embarrassed. 12/10 https://t.co/r8DxA8DYJ2",12,10,"Luca",NA,"German_shepherd",0.515933,9307,2203,"1/17/2017 0:18"
"Here's a doggo who looks like he's about to give you a list of mythical ingredients to go collect for his potion. 11/10 would obey https://t.co/8SiwKDlRcl",11,10,NA,"doggo","Pomeranian",0.85659,10224,2330,"1/16/2017 21:32"
"This is Flash. He went way too hard celebrating Martin Luther King Day last night. 12/10 now he's having a dream in his honor https://t.co/bryVdNaRcu",12,10,"Flash",NA,NA,NA,13511,2507,"1/16/2017 17:20"
"Meet Sunny. He can take down a polar bear in one fell swoop. Fr*cken deadly af. 13/10 would pet with caution https://t.co/EMq8Ud6Ze1",13,10,"Sunny",NA,"golden_retriever",0.838012,33655,10855,"1/15/2017 21:49"
"We are proud to support @LoveYourMelon on their mission to put a hat on every kid battling cancer. They are 14/10",14,10,NA,NA,NA,NA,3560,620,"1/14/2017 17:00"
"I've never wanted to go to a camp more in my entire life. 12/10 for all on board https://t.co/wJZlpGFEbD",12,10,NA,NA,NA,NA,21150,6883,"1/14/2017 1:22"
"This is Oliver. He has dreams of being a service puppo so he can help his owner. 13/10 selfless af",13,10,"Oliver","puppo","American_Staffordshire_terrier",0.925505,5679,1301,"1/13/2017 17:00"
"Here we have a doggo who has messed up. He was hoping you wouldn't notice. 11/10 someone help him https://t.co/XdRNXNYD4E",11,10,NA,"doggo",NA,NA,13733,5305,"1/13/2017 15:08"
"This is Howie. He just bloomed. 11/10 revolutionary af https://t.co/m5fYxrO3IU",11,10,"Howie",NA,NA,NA,14366,3437,"1/13/2017 1:03"
"This is Jazzy. She just found out that sandwich wasn't for her. Shocked and puppalled. 13/10 deep breaths Jazzy https://t.co/52cItP0vIO",13,10,"Jazzy",NA,"Cardigan",0.547935,10208,2156,"1/12/2017 16:54"
"Say hello to Anna and Elsa. They fall asleep in similar positions. It's pretty wild. Both 12/10 would snug simultaneously https://t.co/8rUL99bX4W",12,10,"Anna",NA,"Rottweiler",0.909106,7709,1324,"1/12/2017 0:55"
"Some happy pupper news to share. 10/10 for everyone involved",10,10,NA,"pupper",NA,NA,2436,443,"1/11/2017 17:42"
"This is Finn. He's wondering if you come here often. Fr*ckin flirtatious af. 12/10 would give number to https://t.co/ii5eNX5LJT",12,10,"Finn",NA,NA,NA,24652,7334,"1/11/2017 17:01"
"This is Sunny. She was also a very good First Doggo. 14/10 would also be an absolute honor to pet https://t.co/YOC1fHFCSb",14,10,"Sunny","doggo",NA,NA,48214,20727,"1/11/2017 2:21"
"This is Bo. He was a very good First Doggo. 14/10 would be an absolute honor to pet https://t.co/AdPKrI8BZ1",14,10,"Bo","doggo",NA,NA,92275,40213,"1/11/2017 2:15"
"Meet Wafer. He represents every fiber of my being. 13/10 very good dog https://t.co/I7bkhxBxUG",13,10,"Wafer",NA,NA,NA,23707,8160,"1/10/2017 1:15"
"This is Bear. He's a passionate believer of the outdoors. Leaves excite him. 12/10 would hug softly https://t.co/FOF0hBDxP8",12,10,"Bear",NA,NA,NA,10544,2835,"1/10/2017 0:24"
"This is Tom. He's a silly dog. Known for his unconventional swing style. One h*ck of a sneaky tongue slip too. 11/10 would push https://t.co/6fSVcn9HAU",11,10,"Tom",NA,"swing",0.999403,11661,2718,"1/9/2017 19:14"
"This is Florence. He saw the same snap you sent him on your story. Pretty pupset with you. 12/10 https://t.co/rnkvT2kvib",12,10,"Florence",NA,NA,NA,11789,2510,"1/9/2017 0:53"
"This is Autumn. Her favorite toy is a cheeseburger. She takes it everywhere. 11/10 https://t.co/JlPug12E5Z",11,10,"Autumn",NA,"golden_retriever",0.621931,13137,2849,"1/8/2017 17:20"
"Looks like he went cross-eyed trying way too hard to use the force. 12/10",12,10,NA,NA,NA,NA,5176,866,"1/8/2017 1:40"
"This is Buddy. He ran into a glass door once. Now he's h*ckin skeptical. 13/10 empowering af (vid by Brittany Gaunt) https://t.co/q2BgNIi3OA",13,10,"Buddy",NA,NA,NA,55435,29789,"1/7/2017 20:18"
"This is Dido. She's playing the lead role in ""Pupper Stops to Catch Snow Before Resuming Shadow Box with Dried Apple."" 13/10 (IG: didodoggo) https://t.co/m7isZrOBX7",13,10,"Dido","pupper",NA,NA,11442,2934,"1/7/2017 16:59"
"Say hello to Eugene &amp; Patti Melt. No matter how dysfunctional they get, they will never top their owners. Both 12/10 would pet at same time https://t.co/jQUdvtdYMu",12,10,"Eugene",NA,"pug",0.971358,12618,3328,"1/7/2017 1:00"
"This is Ken. His cheeks are magic. 13/10 (IG: ken_shiba) https://t.co/btzf1zTDeQ",13,10,"Ken",NA,NA,NA,36596,16419,"1/6/2017 17:33"
"Meet Strudel. He's rather h*ckin pupset that your clothes clash. 11/10 click the link to see how u can help Strudel",11,10,"Strudel",NA,"Doberman",0.806163,6003,1059,"1/6/2017 17:00"
"This is Tebow. He kindly requests that you put down the coffee and play with him. 13/10 such a good boy https://t.co/56uBP28eqw",13,10,"Tebow",NA,NA,NA,9329,2207,"1/6/2017 0:49"
"Name a more iconic quartet... I'll wait. 13/10 for all https://t.co/kCLgD8687T",13,10,NA,NA,NA,NA,13015,2878,"1/5/2017 21:29"
"This is Chloe. She fell asleep at the wheel. Absolute menace on the roadways. Sneaky tongue slip tho. 11/10 https://t.co/r6SLVN2VUH",11,10,"Chloe",NA,"kelpie",0.864415,9171,1817,"1/5/2017 17:13"
"This is Timber. He misses Christmas. Specifically the presents part. 12/10 cheer pup Timber https://t.co/dVVavqpeF9",12,10,"Timber",NA,"malamute",0.668164,10692,2234,"1/5/2017 1:20"
"This is Binky. She appears to be rather h*ckin cozy. Nifty leg cross as well. 12/10 would snug well https://t.co/WFt82XLyEF",12,10,"Binky",NA,"Chihuahua",0.756992,10488,2429,"1/4/2017 17:27"
"Meet Moose. He doesn't want his friend to go back to college. 13/10 looks like you're staying home John https://t.co/LIhmM7i70k",13,10,"Moose",NA,NA,NA,32712,8913,"1/4/2017 1:05"
"This is Dudley. He found a flower and now he's a queen. 11/10 would be an honor to pet https://t.co/nuJxtmlLcY",11,10,"Dudley",NA,"Labrador_retriever",0.91933,9197,2147,"1/3/2017 17:33"
"This is Comet. He's a Wild Estonian Poofer. Surprised they caught him. 12/10 would pet well https://t.co/tlfuZ25IMi",12,10,"Comet",NA,"Pomeranian",0.967345,9559,2365,"1/3/2017 1:20"
"Meet Jack. He's one of the rare doggos that doesn't mind baths. 11/10 click the link to see how you can help Jack!",11,10,"Jack",NA,NA,NA,5351,1144,"1/2/2017 18:38"
"Here's a pupper with squeaky hiccups. Please enjoy. 13/10 https://t.co/MiMKtsLN6k",13,10,NA,"pupper","Tibetan_mastiff",0.506312,24014,9332,"1/2/2017 17:00"
"This is Akumi. It's his birthday. He received many lickable gifts. 11/10 happy h*ckin birthday https://t.co/gd9UlLOCQ0",11,10,"Akumi",NA,"Border_collie",0.548907,10536,2501,"1/2/2017 1:48"
"This is Titan. His nose is quite chilly. Requests to return to the indoors. 12/10 would boop to warm https://t.co/bLZuOh9sKy",12,10,"Titan",NA,"German_shepherd",0.817953,8799,1810,"1/1/2017 19:22"
"Happy New Year from the squad! 13/10 for all https://t.co/9njRxyUd5L",13,10,NA,NA,NA,NA,11087,4183,"1/1/2017 2:53"
"This is Cooper. Someone attacked him with a sharpie. Poor pupper. 11/10 nifty tongue slip tho https://t.co/01vpuRDXQ8",11,10,"Cooper","pupper","dalmatian",0.999828,8171,1423,"12/31/2016 0:08"
"This is Olivia. She's a passionate advocate of candid selfies. 12/10 would boop shnoop https://t.co/0LdNjoiNbv",12,10,"Olivia",NA,"golden_retriever",0.650814,12076,2973,"12/30/2016 1:05"
"This is Alf. Someone just rubbed a balloon on his head. He's only a little pupset about it. 12/10 would pet well https://t.co/IOdgfnSE9G",12,10,"Alf",NA,NA,NA,9280,2035,"12/29/2016 17:54"
"This is Oshie. He's ready to party. Bought that case himself. 12/10 someone tell Oshie it's Wednesday morning https://t.co/YIJo7X7K9J",12,10,"Oshie",NA,NA,NA,30821,9553,"12/28/2016 16:56"
"This is Chubbs. He dug a hole and now he's stuck in it. Dang h*ckin doggo. 11/10 would assist https://t.co/z1VRj1cYZf",11,10,"Chubbs","doggo","Siberian_husky",0.699355,9956,2068,"12/28/2016 0:52"
"Meet Gary, Carrie Fisher's dog. Idk what I can say about Gary that reflects the inspirational awesomeness that was Carrie Fisher. 14/10 RIP https://t.co/uBnQTNEeGg",14,10,"Gary",NA,"French_bulldog",0.709146,38931,15405,"12/27/2016 18:24"
"This is Sky. She's learning how to roll her R's. 12/10 cultured af https://t.co/OuaVvVkwJ1",12,10,"Sky",NA,"malamute",0.501159,8944,1931,"12/27/2016 17:36"
"Here is Atlas. He went all out this year. 13/10 downright magical af https://t.co/DVYIZOnO81",13,10,"Atlas",NA,"Samoyed",0.905972,20031,8025,"12/26/2016 3:00"
"Here's a doggo who has concluded that Christmas is entirely too bright. Requests you tone it down a notch. 11/10 https://t.co/cD967DjnIn",11,10,NA,"doggo","cocker_spaniel",0.701852,9840,1975,"12/26/2016 2:00"
"We only rate dogs. Please don't send in other things like this very good Christmas tree. Thank you... 13/10 https://t.co/rvSANEsQZJ",13,10,NA,NA,"golden_retriever",0.888181,21250,4802,"12/26/2016 1:00"
"This is Eleanor. She winks like she knows many things that you don't. 12/10 https://t.co/bxGwkJa2kE",12,10,"Eleanor",NA,"doormat",0.954844,10001,2104,"12/26/2016 0:00"
"This is Layla. It is her first Christmas. She got to be one of the presents. 12/10 I wish my presents would bark https://t.co/hwhCbhCjnV",12,10,"Layla",NA,NA,NA,8314,2441,"12/25/2016 23:00"
"Everybody stop what you're doing and look at this dog with her tiny Santa hat. 13/10 https://t.co/KK4XQK9SPi",13,10,NA,NA,"beagle",0.848735,9025,2595,"12/25/2016 22:00"
"I've been informed by multiple sources that this is actually a dog elf who's tired from helping Santa all night. Pupgraded to 12/10",12,10,NA,NA,NA,NA,4784,488,"12/25/2016 21:12"
"Here's an anonymous doggo that appears to be very done with Christmas. 11/10 cheer up pup https://t.co/BzITyGw3JA",11,10,NA,"doggo",NA,NA,12710,3441,"12/25/2016 21:00"
"Meet Toby. He's pupset because his hat isn't big enough. Christmas is ruined. 12/10 it'll be ok Toby https://t.co/zfdaGZlweq",12,10,"Toby",NA,NA,NA,11075,3033,"12/25/2016 20:00"
"This is Rocky. He got triple-doggo-dared. Stuck af. 11/10 someone help him https://t.co/soNL00XWVu",11,10,"Rocky","doggo",NA,NA,11276,3966,"12/25/2016 19:00"
"This is Baron. He's officially festive as h*ck. Thinks it's just a fancy scarf. 11/10 would pat head approvingly https://t.co/PjulYEXTvg",11,10,"Baron",NA,"Doberman",0.909951,10580,3046,"12/25/2016 18:00"
"This is Tyr. He is disgusted by holiday traffic. Just trying to get to Christmas brunch on time. 12/10 hurry up pup https://t.co/syuTXARdtN",12,10,"Tyr",NA,NA,NA,8534,2144,"12/25/2016 17:00"
"This is Bauer. He had nothing to do with the cookies that disappeared. 13/10 very good boy https://t.co/AIMF8ouzvl",13,10,"Bauer",NA,"golden_retriever",0.914804,22470,8068,"12/25/2016 16:00"
"This is Swagger. He's the Cleveland Browns ambassador. Hype as h*ck after that first win today. 10/10 https://t.co/lXFM1l22bG",10,10,"Swagger",NA,"bull_mastiff",0.989316,8123,2103,"12/24/2016 22:04"
"This is Brandi and Harley. They are practicing their caroling for later. Both 12/10 festive af https://t.co/AbBDuGZUpp",12,10,"Brandi",NA,NA,NA,7110,1572,"12/24/2016 17:18"
"I'm happy to inform you all that Jake is in excellent hands. 13/10 for him and his new family",13,10,NA,NA,NA,NA,6516,1348,"12/24/2016 3:40"
"This is Mary. She's desperately trying to recreate her Coachella experience. 12/10 downright h*ckin adorable https://t.co/BAJrfPvtux",12,10,"Mary",NA,NA,NA,8570,2118,"12/24/2016 1:16"
"This is Moe. He's a fetty woof. Got a cardboard cutout of himself for Christmas. 13/10 inspirational af https://t.co/gCnAeL2mvT",13,10,"Moe",NA,"golden_retriever",0.784873,14698,4033,"12/23/2016 19:00"
"Say hello to Ted. He accidentally opened the front facing camera. 11/10 h*ckin unpupared https://t.co/sIB5C6FDop",11,10,"Ted",NA,"Staffordshire_bullterrier",0.610573,7787,1547,"12/22/2016 17:23"
"This is Halo. She likes watermelon. 13/10 https://t.co/TZkiQZqwA6",13,10,"Halo",NA,NA,NA,8095,1774,"12/22/2016 1:24"
"PUPDATE: I've been informed that Augie was actually bringing his family these flowers when he tripped. Very good boy. Pupgraded to 11/10",11,10,NA,NA,NA,NA,5982,819,"12/21/2016 19:01"
"This is Augie. He's a savage. Doesn't give a h*ck about your garden. Still 10/10 would forgive then pet https://t.co/IU8S0n4oxn",10,10,"Augie",NA,NA,NA,13720,3448,"12/21/2016 17:39"
"This is Craig. That's actually a normal sized fence he's stuck on. H*ckin massive pupper. 11/10 someone help him https://t.co/aAUXzoxaBy",11,10,"Craig","pupper","Pembroke",0.804177,22424,7042,"12/21/2016 1:44"
"This is Hunter. He just found out he needs braces. Requesting an orthodogtist stat. 11/10 you're fine Hunter, everything's fine https://t.co/zW1o0W4AYV",11,10,"Hunter",NA,"flat-coated_retriever",0.820804,9711,1969,"12/19/2016 17:14"
"This is Pavlov. His floatation device has failed him. He's quite pupset about it. 11/10 would rescue https://t.co/MXd0AGDsRJ",11,10,"Pavlov",NA,"malamute",0.753521,11766,2915,"12/19/2016 1:26"
"This is Phil. He's a father. A very good father too. 13/10 everybody loves Phil https://t.co/9p6ECXJMMu",13,10,"Phil",NA,"malamute",0.620768,38043,12574,"12/18/2016 0:43"
"This is Gus. He likes to be close to you, which is good because you want to be close to Gus. 12/10 would boop then pet https://t.co/DrsrQkEfnb",12,10,"Gus",NA,NA,NA,15765,3697,"12/17/2016 22:43"
"Please only send in dogs. We only rate dogs, not seemingly heartbroken ewoks. Thank you... still 10/10 would console https://t.co/HIraYS1Bzo",10,10,NA,NA,NA,NA,16626,4303,"12/17/2016 0:38"
"I call this one ""A Blep by the Sea"" 12/10 https://t.co/EMdnCugNbo",12,10,NA,NA,NA,NA,7435,1617,"12/15/2016 17:23"
"This is Kyro. He's a Stratocumulus Flop. Tongue ejects at random. Serious h*ckin condition. Still 12/10 would pet passionately https://t.co/wHu15q2Q6p",12,10,"Kyro",NA,"Pomeranian",0.819511,21401,6193,"12/15/2016 2:14"
"This is Wallace. You said you brushed your teeth but he checked your toothbrush and it was bone dry. 11/10 not pupset, just disappointed https://t.co/nadm8yWZ4h",11,10,"Wallace",NA,"vizsla",0.911412,14189,3859,"12/14/2016 17:16"
"This is Ito. He'll be your uber driver tonight. Currently adjusting the mirrors. 13/10 incredibly h*ckin responsible https://t.co/Zrrcw29o13",13,10,"Ito",NA,NA,NA,10845,3353,"12/14/2016 0:57"
"Here's a pupper in a onesie. Quite pupset about it. Currently plotting revenge. 12/10 would rescue https://t.co/xQfrbNK3HD",12,10,NA,"pupper","seat_belt",0.779137,8493,2390,"12/13/2016 18:01"
"This is Koda. He dug a hole and then sat in it because why not. Unamused by the bath that followed. 12/10 https://t.co/SQhyqrr8px",12,10,"Koda",NA,NA,NA,12115,2867,"12/13/2016 2:39"
"This is Seamus. He's very bad at entering pools. Still a very good boy tho 11/10 https://t.co/hfi264QwYM",11,10,"Seamus",NA,NA,NA,45630,22873,"12/12/2016 16:16"
"Here we have Burke (pupper) and Dexter (doggo). Pupper wants to be exactly like doggo. Both 12/10 would pet at same time https://t.co/ANBpEYHaho",12,10,NA,"pupper",NA,NA,9361,2419,"12/12/2016 0:29"
"This is Cooper. He likes to stick his tongue out at you and then laugh about it. 12/10 quite the jokester https://t.co/O9iGgvfuzl",12,10,"Cooper",NA,"Labrador_retriever",0.730959,13506,3899,"12/11/2016 17:31"
"This is Ollie Vue. He was a 3 legged pupper on a mission to overcome everything. This is very hard to write. 14/10 we will miss you Ollie https://t.co/qTRY2qX9y4",14,10,"Ollie","pupper","golden_retriever",0.873233,15641,4059,"12/10/2016 16:22"
"This is Stephan. He just wants to help. 13/10 such a good boy https://t.co/DkBYaCAg2d",13,10,"Stephan",NA,"Chihuahua",0.50537,127525,61245,"12/9/2016 6:17"
"This is Lennon. He's a Boopershnoop Pupperdoop. Quite rare. Exceptionally pettable. 12/10 would definitely boop that shnoop https://t.co/fhgP6vSfhX",12,10,"Lennon",NA,"golden_retriever",0.610807,14001,4215,"12/8/2016 23:53"
"""Good afternoon class today we're going to learn what makes a good boy so good"" 13/10 https://t.co/f1h2Fsalv9",13,10,NA,NA,NA,NA,80692,38424,"12/7/2016 22:38"
"Hooman catch successful. Massive hit by dog. Fumble ensued. Possession to dog. 13/10 https://t.co/QrFkqgHR1G",13,10,NA,NA,NA,NA,5208,2119,"12/7/2016 19:09"
"This is Waffles. He's concerned that the dandruff shampoo he just bought is faulty. 11/10 tragic af https://t.co/BCB87qUU0h",11,10,"Waffles",NA,"vizsla",0.938617,10975,2611,"12/7/2016 16:53"
"We only rate dogs. Please stop sending in non-canines like this Freudian Poof Lion. This is incredibly frustrating... 11/10 https://t.co/IZidSrBvhi",11,10,"incredibly",NA,"chow",0.835102,6896,1319,"12/6/2016 19:29"
"This is Major. He put on a tie for his first real walk. Only a little crooked. Can also drool upwards. H*ckin talented. 12/10 https://t.co/Zcwr8LgoO8",12,10,"Major",NA,"Norwegian_elkhound",0.657967,8885,2109,"12/6/2016 0:32"
"This is Duke. He is not a fan of the pupporazzi. 12/10 https://t.co/SgpBVYIL18",12,10,"Duke",NA,NA,NA,7073,2016,"12/5/2016 17:31"
"This is Zeke the Wonder Dog. He never let that poor man keep his frisbees. One of the Spartans all time greatest receivers. 13/10 RIP Zeke https://t.co/zacX7S6GyJ",13,10,"Zeke",NA,"malinois",0.643147,6162,1820,"12/4/2016 21:14"
"Meet Sansa and Gary. They run along the fence together everyday, so the owners installed a window for them. Both 12/10 h*ckin romantic af https://t.co/1JUduNuaWl",12,10,"Sansa",NA,NA,NA,9421,2796,"12/4/2016 19:02"
"This is Shooter. He's doing quite the snowy zoom. 12/10 https://t.co/lHy4Xbyhd9",12,10,"Shooter",NA,NA,NA,8386,1880,"12/4/2016 0:30"
"This is Django. He accidentally opened the front facing camera. Did him quite the frighten. 12/10 https://t.co/kQVQoOW9NZ",12,10,"Django",NA,"Tibetan_mastiff",0.91579,14763,4248,"12/2/2016 17:27"
"HE'S TRYING TO BE HIS OWN PERSON LET HIM GO 13/10",13,10,NA,NA,NA,NA,6603,2218,"12/2/2016 0:02"
"This is Bo. He's going to make me cry. 13/10 please get off the bus for him Carly https://t.co/U7FvBZo6Bq",13,10,"Bo",NA,NA,NA,47953,17891,"11/30/2016 18:16"
"This is Diogi. He fell in the pool as soon as he was brought home. Clumsy puppo. 12/10 would pet until dry https://t.co/ZxeRjMKaWt",12,10,"Diogi","puppo","miniature_pinscher",0.817066,10796,3055,"11/30/2016 1:31"
"Pupper hath acquire enemy. 13/10 https://t.co/ns9qoElfsX",13,10,NA,"pupper",NA,NA,11800,4563,"11/29/2016 16:33"
"Meet Sonny. He's an in-home movie critic. That is his collection. He's very proud of it. 12/10 https://t.co/yPbCALoy2n",12,10,"Sonny",NA,NA,NA,8326,2050,"11/28/2016 23:30"
"This is Winston. His selfie game is legendary. Will steal your girl with a single snap. 11/10 handsome as h*ck https://t.co/jxQhxoPsgL",11,10,"Winston",NA,NA,NA,10768,2724,"11/28/2016 16:37"
"This is Marley. She's having a ruff day. Pretty pupset. 12/10 would assist https://t.co/yLm7hQ6UXh",12,10,"Marley",NA,"chow",0.944032,9705,2217,"11/27/2016 19:09"
"This is Bailey. She has mastered the head tilt. 11/10 rather h*ckin adorable https://t.co/urhl90ZE1O",11,10,"Bailey",NA,NA,NA,7649,1625,"11/26/2016 19:50"
"This is Winnie. She's h*ckin ferocious. Dandelion doesn't even see her coming. 12/10 would pet with caution https://t.co/EFfLCP7oQv",12,10,"Winnie",NA,"golden_retriever",0.610171,9607,2759,"11/26/2016 18:00"
"This is Severus. He's here to fix your cable. Looks like he succeeded. Even offered to pupgrade your plan. 13/10 h*ckin helpful https://t.co/aX4brLLpWZ",13,10,"Severus",NA,NA,NA,17466,6443,"11/26/2016 1:31"
"Like doggo, like pupper version 2. Both 11/10 https://t.co/9IxWAXFqze",11,10,NA,"pupper","Labrador_retriever",0.897162,7100,1506,"11/25/2016 21:37"
"This is Loki. He'll do your taxes for you. Can also make room in your budget for all the things you bought today. 12/10 what a puppo https://t.co/5oWrHCWg87",12,10,"Loki","puppo",NA,NA,9760,2875,"11/25/2016 19:55"
"This is Ronnie. He hopes you're having a great day. Nifty tongue slip. 12/10 would pat head approvingly https://t.co/4fY2bsAm65",12,10,"Ronnie",NA,NA,NA,8297,1885,"11/25/2016 1:18"
".@NBCSports OMG THE TINY HAT I'M GOING TO HAVE TO SAY 11/10 NBC",11,10,NA,NA,NA,NA,1890,259,"11/24/2016 18:28"
"This is Wallace. He'll be your chau-fur this evening. 12/10 eyes on the road Wallace https://t.co/p1RD39XjUe",12,10,"Wallace",NA,"Pembroke",0.550506,8824,2269,"11/23/2016 21:29"
"oh h*ck 10/10 https://t.co/bC69RrW559",10,10,NA,NA,NA,NA,6520,919,"11/23/2016 4:45"
"This is Milo. I would do terrible things for Milo. 13/10 https://t.co/R6wJyC2Tey",13,10,"Milo",NA,"cocker_spaniel",0.74022,26351,6564,"11/22/2016 20:58"
"This is Bones. He's being haunted by another doggo of roughly the same size. 12/10 deep breaths pupper everything's fine https://t.co/55Dqe0SJNj",12,10,"Bones","pupper","dalmatian",0.823356,8698,2307,"11/22/2016 17:28"
"@SkyWilliams doggo simply protecting you from evil that which you cannot see. 11/10 would give extra pets",11,10,NA,"doggo",NA,NA,743,107,"11/22/2016 0:32"
"Say hello to Mauve and Murphy. They're rather h*ckin filthy. Preferred nap over bath. Both 12/10 https://t.co/4UwCTW3lXG",12,10,"Mauve",NA,"cocker_spaniel",0.771984,11294,3060,"11/21/2016 17:23"
"This is Chef. Chef loves everyone and wants everyone to love each other. 11/10 https://t.co/ILHGs0e6Dm",11,10,"Chef",NA,"Pembroke",0.828904,14128,3321,"11/21/2016 1:37"
"Here's a very sleepy pupper. Appears to be portable as h*ck. 12/10 would snug intensely https://t.co/61sX7pW5Ca",12,10,NA,"pupper",NA,NA,10173,2389,"11/20/2016 22:02"
"This is Doc. He takes time out of every day to worship our plant overlords. 12/10 quite the floofer https://t.co/azMneS6Ly5",12,10,"Doc","floofer",NA,NA,11996,3099,"11/20/2016 17:20"
"This is Peaches. She's the ultimate selfie sidekick. Super sneaky tongue slip appreciated. 13/10 https://t.co/pbKOesr8Tg",13,10,"Peaches",NA,"golden_retriever",0.938048,16455,2831,"11/20/2016 0:59"
"Here's a doggo doin a struggle. 11/10 much determined https://t.co/gQqRBfkX4I",11,10,NA,"doggo",NA,NA,30535,14547,"11/19/2016 16:49"
"This is Sobe. She's a h*ckin happy doggo. Only one leg tho. Must have good balance. 13/10 would smile back https://t.co/OiH8PaOxB1",13,10,"Sobe","doggo",NA,NA,9046,2391,"11/18/2016 23:35"
"This is Longfellow (prolly sophisticated). He's a North Appalachian Oatzenjammer. Concerned about wrinkled feets. 12/10 would hug softly https://t.co/bpLuQuxzHZ",12,10,"Longfellow",NA,"miniature_pinscher",0.58363,8652,2114,"11/18/2016 1:24"
"This is Jeffrey. He's quite the jokester. Takes it too far sometimes. Still 11/10 would pet https://t.co/YDtZcAiMAf",11,10,"Jeffrey",NA,"malamute",0.985028,10666,3059,"11/17/2016 17:04"
"This is Mister. He only wears the most fashionable af headwear. 11/10 h*ckin stylish https://t.co/BXJFKOVnJm",11,10,"Mister",NA,NA,NA,8705,2724,"11/17/2016 1:35"
"This is Iroh. He's in a predicament. 12/10 someone help him https://t.co/KJAKO2kXsL",12,10,"Iroh",NA,"Siberian_husky",0.703224,14159,4947,"11/16/2016 17:01"
"This is Shadow. He's a firm believer that they're all good dogs. H*ckin passionate about it too. 11/10 I stand with Shadow https://t.co/8yvpacwBcu",11,10,"Shadow",NA,"West_Highland_white_terrier",0.539463,7997,1587,"11/16/2016 16:28"
"This is Cooper. His bow tie was too heavy for the front so he moved it to the side. Balanced af now. 13/10 https://t.co/jG1PAFkB81",13,10,"Cooper",NA,"Pekinese",0.524583,11169,2829,"11/14/2016 17:03"
"Here's a helicopter pupper. He takes off at random. H*ckin hard to control. 12/10 rare af https://t.co/GRWPgNKt2z",12,10,NA,"pupper",NA,NA,12540,3471,"11/14/2016 1:18"
"This is Cassie. She steals things. Guilt increases slightly each time. 12/10 would forgive almost immediately https://t.co/Ia19irLwyB",12,10,"Cassie",NA,"Pembroke",0.954089,15609,5366,"11/12/2016 21:02"
"This is Pancake. She loves Batman and winks like a h*ckin champ. 12/10 real crowd pleaser https://t.co/6kqsAjJNhi",12,10,"Pancake",NA,"collie",0.767005,21512,7328,"11/12/2016 0:36"
"@JODYHiGHROLLER it may be an 11/10 but what do I know ??",11,10,NA,NA,NA,NA,248,29,"11/11/2016 19:55"
"This is Tyr. He's just checking on you. Nifty af tongue slip. 12/10 would absolutely pet https://t.co/Jgnuiyvq06",12,10,"Tyr",NA,"Cardigan",0.839129,8261,2101,"11/11/2016 0:03"
"Say hello to Romeo. He was just told that it's too cold for the pool. H*ckin nonsense. 11/10 would help fill up https://t.co/6hx7ur6sNI",11,10,"Romeo",NA,NA,NA,12782,3376,"11/10/2016 17:02"
"Here's a sleepy doggo that requested some assistance. 12/10 would carry everywhere https://t.co/bvkkqOjNDV",12,10,NA,"doggo",NA,NA,8157,1948,"11/9/2016 22:49"
"This is Snicku. He's having trouble reading because he's a dog. Glasses only helped a little. Nap preferred. 12/10 would snug well https://t.co/cVLUasbKA5",12,10,"Snicku",NA,NA,NA,11849,4600,"11/9/2016 16:22"
"This is Ruby. She just turned on the news. Officially terrified. 11/10 deep breaths Ruby https://t.co/y5KarNXWXt",11,10,"Ruby",NA,"golden_retriever",0.600276,34825,15810,"11/9/2016 0:37"
"#ImWithThor 13/10",13,10,NA,NA,NA,NA,5313,1968,"11/8/2016 23:01"
"I didn't believe it at first but now I can see that voter fraud is a serious h*ckin issue. 11/10 https://t.co/7i0bDMbrVN",11,10,NA,NA,"Cardigan",0.700182,9782,2677,"11/8/2016 22:25"
"This is Yogi. He's 98% floof. Snuggable af. 12/10 https://t.co/opoXKxmfFm",12,10,"Yogi",NA,"chow",0.973846,9096,2566,"11/8/2016 20:00"
"This is Daisy. She's here to make your day better. 13/10 mission h*ckin successful https://t.co/PbgvuD0qIL",13,10,"Daisy",NA,"golden_retriever",0.893775,11626,4068,"11/8/2016 16:47"
"Elder doggo does a splash. Both 13/10 incredible stuff https://t.co/gBUDjdEcqz",13,10,NA,"doggo",NA,NA,53621,26315,"11/7/2016 3:14"
"This is Brody. He's trying to make the same face as the football. 12/10 https://t.co/2H4MfOGlpQ",12,10,"Brody",NA,"golden_retriever",0.925494,10881,3166,"11/6/2016 22:59"
"This is Bailey. She loves going down slides but is very bad at it. Still 11/10 https://t.co/ivPWhspN3E",11,10,"Bailey",NA,NA,NA,17468,5996,"11/6/2016 1:33"
"This is Mack. He's rather h*ckin sleepy. Exceptional ears. 12/10 would boop https://t.co/XRPvTPF0VH",12,10,"Mack",NA,"teddy",0.569566,11072,2553,"11/5/2016 15:37"
"This is Nimbus (like the cloud). He just bought this fancy af duck raincoat. Only protects one ear tho. 12/10 so h*ckin floofy https://t.co/SIQbb8c3AU",12,10,"Nimbus",NA,"Samoyed",0.988307,10303,2921,"11/4/2016 0:15"
